idx,src,dst,time,dst_idx,ext_roll
0,0,184,0,5,0
1,1,185,0,17,0
2,2,186,0,15,0
3,3,187,0,24,0
4,4,188,0,30,0
5,5,189,0,25,0
6,6,190,0,38,0
7,7,191,0,36,0
8,8,192,0,39,0
9,9,193,0,43,0
10,10,194,0,46,0
11,11,195,0,48,0
12,12,196,0,68,0
13,13,197,0,69,0
14,14,198,0,71,0
15,15,199,0,70,0
16,16,200,0,83,0
17,17,201,0,89,0
18,18,202,0,88,0
19,19,203,0,99,0
20,20,204,0,119,0
21,21,205,0,125,0
22,22,206,0,131,0
23,23,207,0,124,0
24,24,208,0,140,0
25,25,209,0,138,0
26,26,210,0,136,0
27,27,211,0,158,0
28,28,212,0,170,0
29,29,213,0,171,0
30,30,214,0,182,0
31,31,215,0,178,0
32,32,216,0,191,0
33,33,217,0,194,0
34,34,218,0,198,0
35,35,219,0,199,0
36,35,220,0,209,0
37,36,221,0,212,0
38,37,222,0,27,0
39,0,184,1,5,0
40,38,223,1,8,0
41,2,186,1,15,0
42,3,187,1,24,0
43,4,188,1,30,0
44,7,191,1,36,0
45,39,224,1,33,0
46,8,192,1,39,0
47,9,193,1,43,0
48,10,194,1,46,0
49,11,195,1,48,0
50,40,225,1,65,0
51,12,196,1,68,0
52,14,198,1,71,0
53,15,199,1,70,0
54,16,200,1,83,0
55,17,201,1,89,0
56,18,202,1,88,0
57,41,226,1,101,0
58,19,203,1,99,0
59,42,227,1,106,0
60,20,204,1,119,0
61,21,205,1,125,0
62,22,206,1,131,0
63,23,207,1,124,0
64,43,228,1,129,0
65,24,208,1,140,0
66,25,209,1,138,0
67,27,211,1,158,0
68,44,229,1,159,0
69,28,212,1,170,0
70,29,213,1,171,0
71,30,214,1,182,0
72,45,230,1,180,0
73,31,215,1,178,0
74,32,216,1,191,0
75,33,217,1,194,0
76,34,218,1,198,0
77,35,220,1,209,0
78,46,231,1,206,0
79,37,222,1,27,0
80,37,232,1,32,0
81,0,184,2,5,0
82,2,186,2,15,0
83,47,233,2,21,0
84,4,188,2,30,0
85,5,189,2,25,0
86,7,234,2,31,0
87,7,191,2,36,0
88,39,224,2,33,0
89,8,192,2,39,0
90,9,193,2,43,0
91,10,194,2,46,0
92,11,195,2,48,0
93,48,235,2,59,0
94,40,225,2,65,0
95,12,196,2,68,0
96,14,198,2,71,0
97,15,199,2,70,0
98,16,200,2,83,0
99,17,201,2,89,0
100,18,202,2,88,0
101,41,226,2,101,0
102,19,203,2,99,0
103,49,236,2,102,0
104,20,204,2,119,0
105,21,205,2,125,0
106,22,206,2,131,0
107,23,207,2,124,0
108,43,228,2,129,0
109,24,208,2,140,0
110,25,209,2,138,0
111,50,237,2,141,0
112,26,210,2,136,0
113,27,211,2,158,0
114,51,238,2,154,0
115,28,212,2,170,0
116,29,213,2,171,0
117,30,214,2,182,0
118,45,230,2,180,0
119,32,216,2,191,0
120,33,217,2,194,0
121,52,239,2,192,0
122,34,218,2,198,0
123,35,220,2,209,0
124,46,231,2,206,0
125,37,222,2,27,0
126,0,184,3,5,0
127,53,240,3,6,0
128,38,223,3,8,0
129,4,188,3,30,0
130,54,241,3,29,0
131,5,189,3,25,0
132,6,190,3,38,0
133,7,191,3,36,0
134,8,192,3,39,0
135,9,193,3,43,0
136,10,194,3,46,0
137,11,195,3,48,0
138,48,235,3,59,0
139,40,225,3,65,0
140,12,196,3,68,0
141,13,197,3,69,0
142,14,198,3,71,0
143,15,199,3,70,0
144,16,200,3,83,0
145,17,201,3,89,0
146,18,202,3,88,0
147,19,203,3,99,0
148,20,204,3,119,0
149,21,205,3,125,0
150,22,206,3,131,0
151,24,208,3,140,0
152,25,209,3,138,0
153,26,210,3,136,0
154,51,238,3,154,0
155,28,212,3,170,0
156,29,213,3,171,0
157,30,214,3,182,0
158,32,216,3,191,0
159,33,217,3,194,0
160,52,239,3,192,0
161,34,218,3,198,0
162,35,220,3,209,0
163,36,221,3,212,0
164,37,222,3,27,0
165,0,184,4,5,0
166,53,240,4,6,0
167,2,186,4,15,0
168,4,188,4,30,0
169,5,189,4,25,0
170,6,190,4,38,0
171,8,192,4,39,0
172,9,193,4,43,0
173,10,194,4,46,0
174,48,235,4,59,0
175,40,225,4,65,0
176,12,196,4,68,0
177,14,198,4,71,0
178,15,199,4,70,0
179,16,200,4,83,0
180,17,201,4,89,0
181,55,242,4,90,0
182,18,202,4,88,0
183,19,203,4,99,0
184,49,236,4,102,0
185,42,227,4,106,0
186,20,204,4,119,0
187,21,205,4,125,0
188,22,206,4,131,0
189,23,207,4,124,0
190,43,228,4,129,0
191,24,208,4,140,0
192,25,209,4,138,0
193,50,237,4,141,0
194,26,210,4,136,0
195,28,212,4,170,0
196,29,213,4,171,0
197,30,214,4,182,0
198,31,215,4,178,0
199,32,216,4,191,0
200,33,217,4,194,0
201,52,239,4,192,0
202,56,243,4,193,0
203,34,218,4,198,0
204,35,220,4,209,0
205,36,221,4,212,0
206,37,222,4,27,0
207,37,232,4,32,0
208,0,184,5,5,0
209,53,240,5,6,0
210,38,223,5,8,0
211,4,188,5,30,0
212,54,241,5,29,0
213,5,189,5,25,0
214,6,190,5,38,0
215,7,191,5,36,0
216,57,244,5,34,0
217,8,192,5,39,0
218,10,194,5,46,0
219,11,195,5,48,0
220,48,235,5,59,0
221,40,225,5,65,0
222,12,196,5,68,0
223,15,199,5,70,0
224,58,200,5,83,0
225,16,200,5,83,0
226,17,201,5,89,0
227,59,242,5,90,0
228,18,202,5,88,0
229,19,203,5,99,0
230,42,227,5,106,0
231,20,204,5,119,0
232,60,245,5,115,0
233,21,205,5,125,0
234,61,246,5,128,0
235,22,206,5,131,0
236,23,207,5,124,0
237,24,208,5,140,0
238,25,209,5,138,0
239,50,237,5,141,0
240,26,210,5,136,0
241,51,238,5,154,0
242,28,212,5,170,0
243,29,213,5,171,0
244,31,215,5,178,0
245,32,216,5,191,0
246,33,217,5,194,0
247,34,218,5,198,0
248,35,220,5,209,0
249,37,222,5,27,0
250,0,184,6,5,0
251,2,186,6,15,0
252,47,233,6,21,0
253,4,188,6,30,0
254,54,241,6,29,0
255,5,189,6,25,0
256,6,190,6,38,0
257,9,193,6,43,0
258,10,194,6,46,0
259,11,195,6,48,0
260,48,235,6,59,0
261,62,247,6,57,0
262,40,225,6,65,0
263,14,198,6,71,0
264,15,199,6,70,0
265,16,200,6,83,0
266,17,201,6,89,0
267,18,202,6,88,0
268,19,203,6,99,0
269,49,236,6,102,0
270,42,227,6,106,0
271,20,204,6,119,0
272,21,205,6,125,0
273,22,206,6,131,0
274,23,207,6,124,0
275,25,209,6,138,0
276,51,238,6,154,0
277,28,212,6,170,0
278,29,213,6,171,0
279,30,214,6,182,0
280,32,216,6,191,0
281,33,217,6,194,0
282,34,218,6,198,0
283,35,220,6,209,0
284,46,231,6,206,0
285,36,221,6,212,0
286,37,222,6,27,0
287,37,232,6,32,0
288,0,184,7,5,0
289,38,223,7,8,0
290,2,186,7,15,0
291,3,187,7,24,0
292,4,188,7,30,0
293,54,241,7,29,0
294,5,189,7,25,0
295,6,190,7,38,0
296,7,191,7,36,0
297,8,192,7,39,0
298,9,193,7,43,0
299,10,194,7,46,0
300,11,195,7,48,0
301,40,225,7,65,0
302,12,196,7,68,0
303,14,198,7,71,0
304,15,199,7,70,0
305,16,200,7,83,0
306,17,201,7,89,0
307,55,242,7,90,0
308,18,202,7,88,0
309,19,203,7,99,0
310,42,227,7,106,0
311,20,204,7,119,0
312,61,246,7,128,0
313,22,206,7,131,0
314,43,228,7,129,0
315,24,208,7,140,0
316,63,209,7,138,0
317,25,209,7,138,0
318,50,237,7,141,0
319,26,210,7,136,0
320,51,238,7,154,0
321,28,212,7,170,0
322,29,213,7,171,0
323,30,214,7,182,0
324,32,216,7,191,0
325,33,217,7,194,0
326,52,239,7,192,0
327,34,218,7,198,0
328,35,220,7,209,0
329,36,221,7,212,0
330,37,222,7,27,0
331,37,232,7,32,0
332,0,184,8,5,0
333,38,223,8,8,0
334,4,188,8,30,0
335,54,241,8,29,0
336,6,190,8,38,0
337,9,193,8,43,0
338,10,194,8,46,0
339,11,195,8,48,0
340,48,235,8,59,0
341,40,225,8,65,0
342,12,196,8,68,0
343,13,197,8,69,0
344,14,198,8,71,0
345,15,199,8,70,0
346,16,200,8,83,0
347,17,201,8,89,0
348,64,248,8,96,0
349,18,202,8,88,0
350,41,226,8,101,0
351,19,203,8,99,0
352,49,236,8,102,0
353,42,227,8,106,0
354,20,204,8,119,0
355,21,205,8,125,0
356,22,206,8,131,0
357,23,207,8,124,0
358,24,208,8,140,0
359,25,209,8,138,0
360,50,237,8,141,0
361,26,210,8,136,0
362,51,238,8,154,0
363,28,212,8,170,0
364,29,213,8,171,0
365,45,230,8,180,0
366,31,215,8,178,0
367,32,216,8,191,0
368,33,217,8,194,0
369,34,218,8,198,0
370,35,220,8,209,0
371,37,222,8,27,0
372,0,184,9,5,0
373,65,240,9,6,0
374,38,223,9,8,0
375,2,186,9,15,0
376,4,188,9,30,0
377,5,189,9,25,0
378,6,190,9,38,0
379,7,234,9,31,0
380,9,193,9,43,0
381,10,194,9,46,0
382,11,195,9,48,0
383,40,225,9,65,0
384,12,196,9,68,0
385,13,197,9,69,0
386,14,198,9,71,0
387,15,199,9,70,0
388,16,200,9,83,0
389,17,201,9,89,0
390,18,202,9,88,0
391,19,203,9,99,0
392,42,227,9,106,0
393,20,204,9,119,0
394,21,205,9,125,0
395,22,206,9,131,0
396,23,207,9,124,0
397,24,208,9,140,0
398,25,209,9,138,0
399,26,210,9,136,0
400,51,238,9,154,0
401,28,212,9,170,0
402,29,213,9,171,0
403,30,214,9,182,0
404,32,216,9,191,0
405,33,217,9,194,0
406,52,239,9,192,0
407,56,243,9,193,0
408,34,218,9,198,0
409,35,220,9,209,0
410,37,222,9,27,0
411,37,232,9,32,0
412,0,184,10,5,0
413,38,223,10,8,0
414,66,249,10,23,0
415,47,233,10,21,0
416,4,188,10,30,0
417,54,241,10,29,0
418,5,189,10,25,0
419,9,193,10,43,0
420,10,194,10,46,0
421,11,195,10,48,0
422,48,235,10,59,0
423,40,225,10,65,0
424,12,196,10,68,0
425,14,198,10,71,0
426,67,250,10,67,0
427,15,199,10,70,0
428,16,200,10,83,0
429,17,201,10,89,0
430,55,242,10,90,0
431,18,202,10,88,0
432,19,203,10,99,0
433,20,204,10,119,0
434,21,205,10,125,0
435,22,206,10,131,0
436,23,207,10,124,0
437,24,208,10,140,0
438,25,209,10,138,0
439,50,237,10,141,0
440,26,210,10,136,0
441,51,238,10,154,0
442,28,212,10,170,0
443,29,213,10,171,0
444,68,251,10,175,0
445,30,214,10,182,0
446,45,230,10,180,0
447,32,216,10,191,0
448,33,217,10,194,0
449,52,239,10,192,0
450,34,218,10,198,0
451,35,220,10,209,0
452,46,231,10,206,0
453,37,222,10,27,0
454,37,232,10,32,0
455,0,184,11,5,0
456,2,186,11,15,0
457,4,188,11,30,0
458,54,241,11,29,0
459,5,189,11,25,0
460,9,193,11,43,0
461,10,194,11,46,0
462,11,195,11,48,0
463,48,235,11,59,0
464,40,225,11,65,0
465,14,198,11,71,0
466,15,199,11,70,0
467,16,200,11,83,0
468,17,201,11,89,0
469,55,242,11,90,0
470,18,202,11,88,0
471,19,203,11,99,0
472,20,204,11,119,0
473,21,205,11,125,0
474,22,206,11,131,0
475,23,207,11,124,0
476,24,208,11,140,0
477,25,209,11,138,0
478,50,237,11,141,0
479,26,210,11,136,0
480,28,212,11,170,0
481,29,213,11,171,0
482,30,214,11,182,0
483,31,215,11,178,0
484,32,216,11,191,0
485,33,217,11,194,0
486,52,239,11,192,0
487,34,218,11,198,0
488,35,220,11,209,0
489,37,232,11,32,0
490,0,184,12,5,0
491,38,223,12,8,0
492,4,188,12,30,0
493,54,241,12,29,0
494,5,189,12,25,0
495,7,191,12,36,0
496,57,244,12,34,0
497,8,192,12,39,0
498,9,193,12,43,0
499,10,194,12,46,0
500,48,235,12,59,0
501,62,247,12,57,0
502,40,225,12,65,0
503,12,196,12,68,0
504,14,198,12,71,0
505,15,199,12,70,0
506,16,200,12,83,0
507,18,202,12,88,0
508,19,203,12,99,0
509,20,204,12,119,0
510,22,206,12,131,0
511,23,207,12,124,0
512,43,228,12,129,0
513,24,208,12,140,0
514,25,209,12,138,0
515,50,237,12,141,0
516,26,210,12,136,0
517,28,212,12,170,0
518,29,213,12,171,0
519,30,214,12,182,0
520,32,216,12,191,0
521,33,217,12,194,0
522,56,243,12,193,0
523,34,218,12,198,0
524,35,220,12,209,0
525,37,222,12,27,0
526,0,184,13,5,0
527,69,233,13,21,0
528,3,187,13,24,0
529,4,188,13,30,0
530,5,189,13,25,0
531,6,190,13,38,0
532,7,191,13,36,0
533,8,192,13,39,0
534,9,193,13,43,0
535,10,194,13,46,0
536,11,195,13,48,0
537,48,235,13,59,0
538,62,247,13,57,0
539,40,225,13,65,0
540,12,196,13,68,0
541,13,197,13,69,0
542,14,198,13,71,0
543,15,199,13,70,0
544,16,200,13,83,0
545,17,201,13,89,0
546,55,242,13,90,0
547,18,202,13,88,0
548,19,203,13,99,0
549,20,204,13,119,0
550,21,205,13,125,0
551,22,206,13,131,0
552,23,207,13,124,0
553,43,228,13,129,0
554,24,208,13,140,0
555,25,209,13,138,0
556,50,237,13,141,0
557,26,210,13,136,0
558,44,229,13,159,0
559,28,212,13,170,0
560,29,213,13,171,0
561,30,214,13,182,0
562,32,216,13,191,0
563,33,217,13,194,0
564,52,239,13,192,0
565,34,218,13,198,0
566,35,220,13,209,0
567,46,231,13,206,0
568,37,222,13,27,0
569,37,232,13,32,0
570,0,184,14,5,0
571,2,252,14,13,0
572,69,233,14,21,0
573,4,188,14,30,0
574,54,241,14,29,0
575,5,189,14,25,0
576,6,190,14,38,0
577,7,191,14,36,0
578,9,193,14,43,0
579,10,194,14,46,0
580,11,195,14,48,0
581,48,235,14,59,0
582,40,225,14,65,0
583,12,196,14,68,0
584,13,197,14,69,0
585,14,198,14,71,0
586,15,199,14,70,0
587,16,200,14,83,0
588,17,201,14,89,0
589,55,242,14,90,0
590,64,248,14,96,0
591,18,202,14,88,0
592,19,203,14,99,0
593,49,236,14,102,0
594,42,227,14,106,0
595,20,204,14,119,0
596,22,206,14,131,0
597,23,207,14,124,0
598,43,228,14,129,0
599,24,208,14,140,0
600,25,209,14,138,0
601,27,211,14,158,0
602,51,238,14,154,0
603,28,212,14,170,0
604,29,213,14,171,0
605,30,214,14,182,0
606,32,216,14,191,0
607,33,217,14,194,0
608,52,239,14,192,0
609,34,218,14,198,0
610,35,220,14,209,0
611,70,221,14,212,0
612,37,222,14,27,0
613,0,184,15,5,0
614,65,240,15,6,0
615,2,186,15,15,0
616,69,233,15,21,0
617,4,188,15,30,0
618,5,189,15,25,0
619,6,190,15,38,0
620,7,191,15,36,0
621,8,192,15,39,0
622,9,193,15,43,0
623,10,194,15,46,0
624,11,195,15,48,0
625,48,235,15,59,0
626,62,247,15,57,0
627,40,225,15,65,0
628,12,196,15,68,0
629,13,197,15,69,0
630,14,198,15,71,0
631,16,200,15,83,0
632,17,201,15,89,0
633,55,242,15,90,0
634,64,248,15,96,0
635,18,202,15,88,0
636,19,203,15,99,0
637,49,236,15,102,0
638,42,227,15,106,0
639,20,204,15,119,0
640,21,205,15,125,0
641,22,206,15,131,0
642,23,207,15,124,0
643,43,228,15,129,0
644,24,208,15,140,0
645,25,209,15,138,0
646,50,237,15,141,0
647,71,229,15,159,0
648,28,212,15,170,0
649,29,213,15,171,0
650,30,214,15,182,0
651,45,230,15,180,0
652,32,216,15,191,0
653,33,217,15,194,0
654,52,239,15,192,0
655,34,218,15,198,0
656,35,220,15,209,0
657,36,221,15,212,0
658,37,222,15,27,0
659,37,232,15,32,0
660,0,184,16,5,0
661,38,223,16,8,0
662,2,186,16,15,0
663,69,233,16,21,0
664,66,249,16,23,0
665,4,188,16,30,0
666,6,190,16,38,0
667,7,191,16,36,0
668,57,244,16,34,0
669,8,192,16,39,0
670,9,193,16,43,0
671,10,194,16,46,0
672,48,235,16,59,0
673,40,225,16,65,0
674,12,196,16,68,0
675,14,198,16,71,0
676,15,199,16,70,0
677,16,200,16,83,0
678,17,201,16,89,0
679,18,202,16,88,0
680,19,203,16,99,0
681,49,236,16,102,0
682,42,227,16,106,0
683,20,204,16,119,0
684,21,205,16,125,0
685,22,206,16,131,0
686,23,207,16,124,0
687,43,228,16,129,0
688,24,208,16,140,0
689,25,209,16,138,0
690,50,237,16,141,0
691,26,210,16,136,0
692,44,229,16,159,0
693,28,212,16,170,0
694,29,213,16,171,0
695,30,214,16,182,0
696,32,216,16,191,0
697,56,243,16,193,0
698,34,218,16,198,0
699,35,220,16,209,0
700,37,222,16,27,0
701,37,232,16,32,0
702,0,184,17,5,0
703,4,188,17,30,0
704,54,241,17,29,0
705,5,189,17,25,0
706,6,190,17,38,0
707,72,191,17,36,0
708,7,191,17,36,0
709,9,193,17,43,0
710,10,194,17,46,0
711,11,195,17,48,0
712,48,235,17,59,0
713,40,225,17,65,0
714,14,198,17,71,0
715,15,199,17,70,0
716,16,200,17,83,0
717,17,201,17,89,0
718,18,202,17,88,0
719,41,226,17,101,0
720,19,203,17,99,0
721,20,204,17,119,0
722,21,205,17,125,0
723,22,206,17,131,0
724,23,207,17,124,0
725,24,208,17,140,0
726,25,209,17,138,0
727,26,210,17,136,0
728,27,211,17,158,0
729,28,212,17,170,0
730,29,213,17,171,0
731,30,214,17,182,0
732,45,230,17,180,0
733,31,215,17,178,0
734,32,216,17,191,0
735,33,217,17,194,0
736,52,239,17,192,0
737,34,218,17,198,0
738,35,220,17,209,0
739,46,231,17,206,0
740,70,221,17,212,0
741,37,222,17,27,0
742,37,232,17,32,0
743,0,184,18,5,0
744,38,223,18,8,0
745,2,186,18,15,0
746,3,187,18,24,0
747,4,188,18,30,0
748,54,241,18,29,0
749,6,190,18,38,0
750,7,234,18,31,0
751,7,191,18,36,0
752,8,192,18,39,0
753,9,193,18,43,0
754,10,194,18,46,0
755,11,195,18,48,0
756,48,235,18,59,0
757,40,225,18,65,0
758,13,197,18,69,0
759,14,198,18,71,0
760,15,199,18,70,0
761,16,200,18,83,0
762,17,201,18,89,0
763,59,242,18,90,0
764,18,202,18,88,0
765,41,226,18,101,0
766,19,203,18,99,0
767,20,204,18,119,0
768,21,205,18,125,0
769,61,246,18,128,0
770,22,206,18,131,0
771,24,208,18,140,0
772,25,209,18,138,0
773,26,210,18,136,0
774,27,211,18,158,0
775,28,212,18,170,0
776,29,213,18,171,0
777,30,214,18,182,0
778,32,216,18,191,0
779,33,217,18,194,0
780,34,218,18,198,0
781,35,220,18,209,0
782,37,222,18,27,0
783,37,232,18,32,0
784,0,184,19,5,0
785,2,186,19,15,0
786,4,188,19,30,0
787,54,241,19,29,0
788,73,253,19,28,0
789,5,189,19,25,0
790,6,190,19,38,0
791,7,191,19,36,0
792,39,224,19,33,0
793,9,193,19,43,0
794,10,194,19,46,0
795,11,195,19,48,0
796,48,235,19,59,0
797,40,225,19,65,0
798,12,196,19,68,0
799,14,198,19,71,0
800,15,199,19,70,0
801,16,200,19,83,0
802,17,201,19,89,0
803,55,242,19,90,0
804,18,202,19,88,0
805,19,203,19,99,0
806,42,227,19,106,0
807,20,204,19,119,0
808,21,205,19,125,0
809,61,246,19,128,0
810,22,206,19,131,0
811,23,207,19,124,0
812,24,208,19,140,0
813,25,209,19,138,0
814,27,211,19,158,0
815,44,229,19,159,0
816,28,212,19,170,0
817,29,213,19,171,0
818,30,214,19,182,0
819,45,230,19,180,0
820,31,215,19,178,0
821,32,216,19,191,0
822,33,217,19,194,0
823,52,239,19,192,0
824,34,218,19,198,0
825,35,220,19,209,0
826,46,231,19,206,0
827,37,222,19,27,0
828,37,232,19,32,0
829,0,184,20,5,0
830,38,223,20,8,0
831,2,186,20,15,0
832,3,187,20,24,0
833,5,189,20,25,0
834,6,190,20,38,0
835,7,234,20,31,0
836,7,191,20,36,0
837,39,224,20,33,0
838,8,192,20,39,0
839,9,193,20,43,0
840,10,194,20,46,0
841,11,195,20,48,0
842,48,235,20,59,0
843,40,225,20,65,0
844,12,196,20,68,0
845,13,197,20,69,0
846,14,198,20,71,0
847,15,199,20,70,0
848,16,200,20,83,0
849,17,201,20,89,0
850,64,248,20,96,0
851,18,202,20,88,0
852,41,226,20,101,0
853,19,203,20,99,0
854,49,236,20,102,0
855,42,227,20,106,0
856,20,204,20,119,0
857,21,205,20,125,0
858,22,206,20,131,0
859,23,207,20,124,0
860,43,228,20,129,0
861,24,208,20,140,0
862,25,209,20,138,0
863,26,210,20,136,0
864,28,212,20,170,0
865,29,213,20,171,0
866,32,216,20,191,0
867,33,217,20,194,0
868,34,218,20,198,0
869,35,220,20,209,0
870,37,222,20,27,0
871,37,232,20,32,0
872,0,184,21,5,0
873,38,223,21,8,0
874,3,187,21,24,0
875,4,188,21,30,0
876,54,241,21,29,0
877,5,189,21,25,0
878,6,190,21,38,0
879,7,191,21,36,0
880,9,193,21,43,0
881,10,194,21,46,0
882,11,195,21,48,0
883,48,235,21,59,0
884,40,225,21,65,0
885,12,196,21,68,0
886,14,198,21,71,0
887,15,199,21,70,0
888,16,200,21,83,0
889,17,201,21,89,0
890,18,202,21,88,0
891,19,203,21,99,0
892,20,204,21,119,0
893,21,205,21,125,0
894,22,206,21,131,0
895,23,207,21,124,0
896,24,208,21,140,0
897,25,209,21,138,0
898,27,211,21,158,0
899,44,229,21,159,0
900,28,212,21,170,0
901,29,213,21,171,0
902,31,215,21,178,0
903,32,216,21,191,0
904,33,217,21,194,0
905,52,239,21,192,0
906,35,220,21,209,0
907,37,222,21,27,0
908,37,232,21,32,0
909,0,184,22,5,0
910,53,240,22,6,0
911,54,241,22,29,0
912,5,189,22,25,0
913,6,190,22,38,0
914,7,191,22,36,0
915,8,192,22,39,0
916,9,193,22,43,0
917,10,194,22,46,0
918,11,195,22,48,0
919,48,235,22,59,0
920,62,247,22,57,0
921,40,225,22,65,0
922,12,196,22,68,0
923,14,198,22,71,0
924,15,199,22,70,0
925,16,200,22,83,0
926,17,201,22,89,0
927,18,202,22,88,0
928,19,203,22,99,0
929,49,236,22,102,0
930,20,204,22,119,0
931,21,205,22,125,0
932,22,206,22,131,0
933,43,228,22,129,0
934,24,208,22,140,0
935,25,209,22,138,0
936,26,210,22,136,0
937,27,211,22,158,0
938,51,238,22,154,0
939,28,212,22,170,0
940,29,213,22,171,0
941,30,214,22,182,0
942,32,216,22,191,0
943,33,217,22,194,0
944,52,239,22,192,0
945,34,218,22,198,0
946,35,220,22,209,0
947,37,222,22,27,0
948,0,184,23,5,0
949,2,186,23,15,0
950,47,233,23,21,0
951,4,188,23,30,0
952,54,241,23,29,0
953,6,190,23,38,0
954,7,234,23,31,0
955,7,191,23,36,0
956,8,192,23,39,0
957,9,193,23,43,0
958,10,194,23,46,0
959,48,235,23,59,0
960,40,225,23,65,0
961,12,196,23,68,0
962,14,198,23,71,0
963,15,199,23,70,0
964,16,200,23,83,0
965,17,201,23,89,0
966,18,202,23,88,0
967,19,203,23,99,0
968,74,254,23,112,0
969,20,204,23,119,0
970,21,205,23,125,0
971,22,206,23,131,0
972,43,228,23,129,0
973,24,208,23,140,0
974,25,209,23,138,0
975,26,210,23,136,0
976,27,211,23,158,0
977,28,212,23,170,0
978,29,213,23,171,0
979,30,214,23,182,0
980,31,215,23,178,0
981,32,216,23,191,0
982,33,217,23,194,0
983,52,239,23,192,0
984,56,243,23,193,0
985,34,218,23,198,0
986,75,219,23,199,0
987,35,220,23,209,0
988,46,231,23,206,0
989,70,221,23,212,0
990,37,222,23,27,0
991,37,232,23,32,0
992,0,184,24,5,0
993,38,223,24,8,0
994,2,186,24,15,0
995,4,188,24,30,0
996,5,189,24,25,0
997,6,190,24,38,0
998,7,191,24,36,0
999,8,192,24,39,0
1000,9,193,24,43,0
1001,10,194,24,46,0
1002,11,195,24,48,0
1003,48,235,24,59,0
1004,40,225,24,65,0
1005,12,196,24,68,0
1006,14,198,24,71,0
1007,15,199,24,70,0
1008,16,200,24,83,0
1009,17,201,24,89,0
1010,18,202,24,88,0
1011,19,203,24,99,0
1012,20,204,24,119,0
1013,22,206,24,131,0
1014,23,207,24,124,0
1015,24,208,24,140,0
1016,25,209,24,138,0
1017,26,210,24,136,0
1018,27,211,24,158,0
1019,44,229,24,159,0
1020,28,212,24,170,0
1021,29,213,24,171,0
1022,31,215,24,178,0
1023,32,216,24,191,0
1024,33,217,24,194,0
1025,34,218,24,198,0
1026,37,222,24,27,0
1027,37,232,24,32,0
1028,0,184,25,5,0
1029,53,240,25,6,0
1030,38,223,25,8,0
1031,1,185,25,17,0
1032,76,255,25,22,0
1033,4,255,25,22,0
1034,4,188,25,30,0
1035,6,190,25,38,0
1036,7,191,25,36,0
1037,39,224,25,33,0
1038,57,244,25,34,0
1039,8,192,25,39,0
1040,9,193,25,43,0
1041,10,194,25,46,0
1042,11,195,25,48,0
1043,48,235,25,59,0
1044,62,247,25,57,0
1045,12,196,25,68,0
1046,14,198,25,71,0
1047,15,199,25,70,0
1048,77,256,25,76,0
1049,16,200,25,83,0
1050,17,201,25,89,0
1051,18,202,25,88,0
1052,19,203,25,99,0
1053,74,254,25,112,0
1054,20,204,25,119,0
1055,78,245,25,115,0
1056,21,205,25,125,0
1057,22,206,25,131,0
1058,23,207,25,124,0
1059,43,228,25,129,0
1060,24,208,25,140,0
1061,25,209,25,138,0
1062,27,211,25,158,0
1063,79,257,25,160,0
1064,28,212,25,170,0
1065,29,213,25,171,0
1066,30,214,25,182,0
1067,45,230,25,180,0
1068,32,216,25,191,0
1069,33,217,25,194,0
1070,52,239,25,192,0
1071,34,218,25,198,0
1072,35,219,25,199,0
1073,35,220,25,209,0
1074,46,231,25,206,0
1075,37,222,25,27,0
1076,37,232,25,32,0
1077,0,184,26,5,0
1078,38,223,26,8,0
1079,2,186,26,15,0
1080,47,233,26,21,0
1081,54,241,26,29,0
1082,5,189,26,25,0
1083,6,190,26,38,0
1084,7,191,26,36,0
1085,39,224,26,33,0
1086,9,193,26,43,0
1087,10,194,26,46,0
1088,11,195,26,48,0
1089,48,235,26,59,0
1090,62,247,26,57,0
1091,40,225,26,65,0
1092,14,198,26,71,0
1093,15,199,26,70,0
1094,16,200,26,83,0
1095,17,201,26,89,0
1096,18,202,26,88,0
1097,41,226,26,101,0
1098,19,203,26,99,0
1099,20,204,26,119,0
1100,21,205,26,125,0
1101,22,206,26,131,0
1102,23,207,26,124,0
1103,43,228,26,129,0
1104,24,208,26,140,0
1105,25,209,26,138,0
1106,50,237,26,141,0
1107,44,229,26,159,0
1108,28,212,26,170,0
1109,29,213,26,171,0
1110,30,214,26,182,0
1111,32,216,26,191,0
1112,33,217,26,194,0
1113,52,239,26,192,0
1114,56,243,26,193,0
1115,34,218,26,198,0
1116,37,222,26,27,0
1117,0,184,27,5,0
1118,2,186,27,15,0
1119,4,188,27,30,0
1120,54,241,27,29,0
1121,5,189,27,25,0
1122,8,192,27,39,0
1123,9,193,27,43,0
1124,10,194,27,46,0
1125,11,195,27,48,0
1126,48,235,27,59,0
1127,40,225,27,65,0
1128,12,196,27,68,0
1129,13,197,27,69,0
1130,14,198,27,71,0
1131,15,199,27,70,0
1132,16,200,27,83,0
1133,17,201,27,89,0
1134,18,202,27,88,0
1135,19,203,27,99,0
1136,49,236,27,102,0
1137,20,204,27,119,0
1138,22,206,27,131,0
1139,23,207,27,124,0
1140,24,208,27,140,0
1141,25,209,27,138,0
1142,27,211,27,158,0
1143,28,212,27,170,0
1144,29,213,27,171,0
1145,30,214,27,182,0
1146,45,230,27,180,0
1147,32,216,27,191,0
1148,33,217,27,194,0
1149,52,239,27,192,0
1150,34,218,27,198,0
1151,35,220,27,209,0
1152,37,222,27,27,0
1153,37,232,27,32,0
1154,0,184,28,5,0
1155,53,240,28,6,0
1156,38,223,28,8,0
1157,2,186,28,15,0
1158,3,187,28,24,0
1159,4,188,28,30,0
1160,5,189,28,25,0
1161,7,191,28,36,0
1162,57,244,28,34,0
1163,8,192,28,39,0
1164,9,193,28,43,0
1165,10,194,28,46,0
1166,48,235,28,59,0
1167,40,225,28,65,0
1168,12,196,28,68,0
1169,14,198,28,71,0
1170,15,199,28,70,0
1171,17,201,28,89,0
1172,18,202,28,88,0
1173,19,203,28,99,0
1174,20,204,28,119,0
1175,21,205,28,125,0
1176,22,206,28,131,0
1177,23,207,28,124,0
1178,25,209,28,138,0
1179,50,237,28,141,0
1180,26,210,28,136,0
1181,28,212,28,170,0
1182,29,213,28,171,0
1183,30,214,28,182,0
1184,45,230,28,180,0
1185,32,216,28,191,0
1186,33,217,28,194,0
1187,52,239,28,192,0
1188,56,243,28,193,0
1189,34,218,28,198,0
1190,35,220,28,209,0
1191,37,222,28,27,0
1192,38,223,29,8,0
1193,2,186,29,15,0
1194,4,188,29,30,0
1195,54,241,29,29,0
1196,5,189,29,25,0
1197,6,190,29,38,0
1198,7,191,29,36,0
1199,8,192,29,39,0
1200,9,193,29,43,0
1201,10,194,29,46,0
1202,48,235,29,59,0
1203,40,225,29,65,0
1204,12,196,29,68,0
1205,14,198,29,71,0
1206,67,250,29,67,0
1207,15,199,29,70,0
1208,16,200,29,83,0
1209,17,201,29,89,0
1210,18,202,29,88,0
1211,19,203,29,99,0
1212,49,236,29,102,0
1213,20,204,29,119,0
1214,22,206,29,131,0
1215,23,207,29,124,0
1216,24,208,29,140,0
1217,25,209,29,138,0
1218,50,237,29,141,0
1219,26,210,29,136,0
1220,27,211,29,158,0
1221,44,229,29,159,0
1222,28,212,29,170,0
1223,29,213,29,171,0
1224,30,214,29,182,0
1225,31,215,29,178,0
1226,32,216,29,191,0
1227,33,217,29,194,0
1228,52,239,29,192,0
1229,34,218,29,198,0
1230,35,220,29,209,0
1231,70,221,29,212,0
1232,0,184,30,5,0
1233,38,223,30,8,0
1234,2,186,30,15,0
1235,3,187,30,24,0
1236,4,188,30,30,0
1237,54,241,30,29,0
1238,5,189,30,25,0
1239,6,190,30,38,0
1240,7,191,30,36,0
1241,9,193,30,43,0
1242,10,194,30,46,0
1243,11,195,30,48,0
1244,48,235,30,59,0
1245,62,247,30,57,0
1246,40,225,30,65,0
1247,14,198,30,71,0
1248,15,199,30,70,0
1249,16,200,30,83,0
1250,17,201,30,89,0
1251,55,242,30,90,0
1252,18,202,30,88,0
1253,41,226,30,101,0
1254,19,203,30,99,0
1255,20,204,30,119,0
1256,21,205,30,125,0
1257,22,206,30,131,0
1258,23,207,30,124,0
1259,43,228,30,129,0
1260,24,208,30,140,0
1261,50,237,30,141,0
1262,26,210,30,136,0
1263,51,238,30,154,0
1264,28,212,30,170,0
1265,29,213,30,171,0
1266,68,251,30,175,0
1267,31,215,30,178,0
1268,32,216,30,191,0
1269,33,217,30,194,0
1270,34,218,30,198,0
1271,70,221,30,212,0
1272,37,222,30,27,0
1273,37,232,30,32,0
1274,0,184,31,5,0
1275,53,240,31,6,0
1276,38,223,31,8,0
1277,2,186,31,15,0
1278,54,241,31,29,0
1279,6,190,31,38,0
1280,9,193,31,43,0
1281,10,194,31,46,0
1282,48,235,31,59,0
1283,62,247,31,57,0
1284,40,225,31,65,0
1285,12,196,31,68,0
1286,14,198,31,71,0
1287,15,199,31,70,0
1288,16,200,31,83,0
1289,17,201,31,89,0
1290,18,202,31,88,0
1291,41,226,31,101,0
1292,19,203,31,99,0
1293,49,236,31,102,0
1294,20,204,31,119,0
1295,21,205,31,125,0
1296,22,206,31,131,0
1297,24,208,31,140,0
1298,25,209,31,138,0
1299,50,237,31,141,0
1300,26,210,31,136,0
1301,27,211,31,158,0
1302,44,229,31,159,0
1303,28,212,31,170,0
1304,29,213,31,171,0
1305,45,230,31,180,0
1306,32,216,31,191,0
1307,33,217,31,194,0
1308,52,239,31,192,0
1309,34,218,31,198,0
1310,35,220,31,209,0
1311,37,222,31,27,0
1312,37,232,31,32,0
1313,0,184,32,5,0
1314,2,186,32,15,0
1315,3,187,32,24,0
1316,47,233,32,21,0
1317,4,188,32,30,0
1318,5,189,32,25,0
1319,6,190,32,38,0
1320,9,193,32,43,0
1321,10,194,32,46,0
1322,11,195,32,48,0
1323,48,235,32,59,0
1324,62,247,32,57,0
1325,40,225,32,65,0
1326,12,196,32,68,0
1327,13,197,32,69,0
1328,14,198,32,71,0
1329,15,199,32,70,0
1330,16,200,32,83,0
1331,17,201,32,89,0
1332,59,242,32,90,0
1333,18,202,32,88,0
1334,19,203,32,99,0
1335,20,204,32,119,0
1336,21,205,32,125,0
1337,22,206,32,131,0
1338,43,228,32,129,0
1339,24,208,32,140,0
1340,25,209,32,138,0
1341,50,237,32,141,0
1342,26,210,32,136,0
1343,44,229,32,159,0
1344,28,212,32,170,0
1345,29,213,32,171,0
1346,30,214,32,182,0
1347,31,215,32,178,0
1348,32,216,32,191,0
1349,33,217,32,194,0
1350,52,239,32,192,0
1351,34,218,32,198,0
1352,35,220,32,209,0
1353,37,222,32,27,0
1354,37,232,32,32,0
1355,0,184,33,5,0
1356,53,240,33,6,0
1357,38,223,33,8,0
1358,2,186,33,15,0
1359,66,249,33,23,0
1360,47,233,33,21,0
1361,4,188,33,30,0
1362,54,241,33,29,0
1363,5,189,33,25,0
1364,6,190,33,38,0
1365,9,193,33,43,0
1366,10,194,33,46,0
1367,11,195,33,48,0
1368,48,235,33,59,0
1369,62,247,33,57,0
1370,40,225,33,65,0
1371,12,196,33,68,0
1372,13,197,33,69,0
1373,14,198,33,71,0
1374,15,199,33,70,0
1375,16,200,33,83,0
1376,17,201,33,89,0
1377,18,202,33,88,0
1378,19,203,33,99,0
1379,49,236,33,102,0
1380,20,204,33,119,0
1381,21,205,33,125,0
1382,22,206,33,131,0
1383,23,207,33,124,0
1384,43,228,33,129,0
1385,24,208,33,140,0
1386,25,209,33,138,0
1387,50,237,33,141,0
1388,26,210,33,136,0
1389,28,212,33,170,0
1390,29,213,33,171,0
1391,30,214,33,182,0
1392,45,230,33,180,0
1393,31,215,33,178,0
1394,33,217,33,194,0
1395,52,239,33,192,0
1396,34,218,33,198,0
1397,35,220,33,209,0
1398,70,221,33,212,0
1399,37,222,33,27,0
1400,0,184,34,5,0
1401,2,186,34,15,0
1402,3,187,34,24,0
1403,4,188,34,30,0
1404,5,189,34,25,0
1405,9,193,34,43,0
1406,10,194,34,46,0
1407,11,195,34,48,0
1408,48,235,34,59,0
1409,40,225,34,65,0
1410,12,196,34,68,0
1411,13,197,34,69,0
1412,14,198,34,71,0
1413,15,199,34,70,0
1414,16,200,34,83,0
1415,17,201,34,89,0
1416,55,242,34,90,0
1417,18,202,34,88,0
1418,41,226,34,101,0
1419,19,203,34,99,0
1420,42,227,34,106,0
1421,74,254,34,112,0
1422,20,204,34,119,0
1423,21,205,34,125,0
1424,22,206,34,131,0
1425,23,207,34,124,0
1426,43,228,34,129,0
1427,24,208,34,140,0
1428,25,209,34,138,0
1429,50,237,34,141,0
1430,26,210,34,136,0
1431,28,212,34,170,0
1432,29,213,34,171,0
1433,68,251,34,175,0
1434,45,230,34,180,0
1435,31,215,34,178,0
1436,32,216,34,191,0
1437,33,217,34,194,0
1438,52,239,34,192,0
1439,35,220,34,209,0
1440,37,222,34,27,0
1441,37,232,34,32,0
1442,0,184,35,5,0
1443,2,186,35,15,0
1444,6,190,35,38,0
1445,9,193,35,43,0
1446,10,194,35,46,0
1447,11,195,35,48,0
1448,48,235,35,59,0
1449,40,225,35,65,0
1450,12,196,35,68,0
1451,14,198,35,71,0
1452,15,199,35,70,0
1453,16,200,35,83,0
1454,17,201,35,89,0
1455,59,242,35,90,0
1456,18,202,35,88,0
1457,19,203,35,99,0
1458,49,236,35,102,0
1459,42,227,35,106,0
1460,20,204,35,119,0
1461,21,205,35,125,0
1462,22,206,35,131,0
1463,23,207,35,124,0
1464,43,228,35,129,0
1465,24,208,35,140,0
1466,25,209,35,138,0
1467,50,237,35,141,0
1468,28,212,35,170,0
1469,29,213,35,171,0
1470,30,214,35,182,0
1471,32,216,35,191,0
1472,33,217,35,194,0
1473,52,239,35,192,0
1474,34,218,35,198,0
1475,35,220,35,209,0
1476,36,221,35,212,0
1477,37,222,35,27,0
1478,37,232,35,32,0
1479,0,184,36,5,0
1480,38,223,36,8,0
1481,2,186,36,15,0
1482,4,188,36,30,0
1483,5,189,36,25,0
1484,6,190,36,38,0
1485,7,191,36,36,0
1486,57,244,36,34,0
1487,9,193,36,43,0
1488,10,194,36,46,0
1489,11,195,36,48,0
1490,48,235,36,59,0
1491,12,196,36,68,0
1492,14,198,36,71,0
1493,15,199,36,70,0
1494,16,200,36,83,0
1495,17,201,36,89,0
1496,18,202,36,88,0
1497,19,203,36,99,0
1498,49,236,36,102,0
1499,20,204,36,119,0
1500,21,205,36,125,0
1501,22,206,36,131,0
1502,23,207,36,124,0
1503,24,208,36,140,0
1504,25,209,36,138,0
1505,26,210,36,136,0
1506,44,229,36,159,0
1507,28,212,36,170,0
1508,29,213,36,171,0
1509,30,214,36,182,0
1510,45,230,36,180,0
1511,32,216,36,191,0
1512,33,217,36,194,0
1513,52,239,36,192,0
1514,56,243,36,193,0
1515,34,218,36,198,0
1516,35,220,36,209,0
1517,46,231,36,206,0
1518,36,221,36,212,0
1519,37,222,36,27,0
1520,0,184,37,5,0
1521,38,223,37,8,0
1522,2,252,37,13,0
1523,2,186,37,15,0
1524,3,187,37,24,0
1525,4,188,37,30,0
1526,54,241,37,29,0
1527,5,189,37,25,0
1528,80,258,37,41,0
1529,8,192,37,39,0
1530,9,193,37,43,0
1531,10,194,37,46,0
1532,48,235,37,59,0
1533,40,225,37,65,0
1534,14,198,37,71,0
1535,15,199,37,70,0
1536,16,200,37,83,0
1537,17,201,37,89,0
1538,55,242,37,90,0
1539,18,202,37,88,0
1540,41,226,37,101,0
1541,19,203,37,99,0
1542,20,204,37,119,0
1543,22,206,37,131,0
1544,43,228,37,129,0
1545,24,208,37,140,0
1546,25,209,37,138,0
1547,44,229,37,159,0
1548,51,238,37,154,0
1549,28,212,37,170,0
1550,29,213,37,171,0
1551,30,214,37,182,0
1552,31,215,37,178,0
1553,32,216,37,191,0
1554,33,217,37,194,0
1555,56,243,37,193,0
1556,34,218,37,198,0
1557,35,220,37,209,0
1558,46,231,37,206,0
1559,37,222,37,27,0
1560,0,184,38,5,0
1561,38,223,38,8,0
1562,2,186,38,15,0
1563,4,188,38,30,0
1564,54,241,38,29,0
1565,6,190,38,38,0
1566,9,193,38,43,0
1567,10,194,38,46,0
1568,11,195,38,48,0
1569,48,235,38,59,0
1570,40,225,38,65,0
1571,13,197,38,69,0
1572,14,198,38,71,0
1573,15,199,38,70,0
1574,16,200,38,83,0
1575,17,201,38,89,0
1576,18,202,38,88,0
1577,19,203,38,99,0
1578,20,204,38,119,0
1579,21,205,38,125,0
1580,22,206,38,131,0
1581,23,207,38,124,0
1582,24,208,38,140,0
1583,25,209,38,138,0
1584,50,237,38,141,0
1585,26,210,38,136,0
1586,44,229,38,159,0
1587,28,212,38,170,0
1588,29,213,38,171,0
1589,30,214,38,182,0
1590,45,230,38,180,0
1591,32,216,38,191,0
1592,33,217,38,194,0
1593,52,239,38,192,0
1594,56,243,38,193,0
1595,34,218,38,198,0
1596,46,231,38,206,0
1597,70,221,38,212,0
1598,37,222,38,27,0
1599,0,184,39,5,0
1600,38,223,39,8,0
1601,2,186,39,15,0
1602,4,188,39,30,0
1603,54,241,39,29,0
1604,5,189,39,25,0
1605,6,190,39,38,0
1606,7,191,39,36,0
1607,57,244,39,34,0
1608,8,192,39,39,0
1609,9,193,39,43,0
1610,10,194,39,46,0
1611,11,195,39,48,0
1612,48,235,39,59,0
1613,62,247,39,57,0
1614,40,225,39,65,0
1615,12,196,39,68,0
1616,13,197,39,69,0
1617,14,198,39,71,0
1618,15,199,39,70,0
1619,58,259,39,75,0
1620,16,200,39,83,0
1621,17,201,39,89,0
1622,55,242,39,90,0
1623,18,202,39,88,0
1624,41,226,39,101,0
1625,19,203,39,99,0
1626,20,204,39,119,0
1627,21,205,39,125,0
1628,22,206,39,131,0
1629,24,208,39,140,0
1630,25,209,39,138,0
1631,50,237,39,141,0
1632,26,210,39,136,0
1633,44,229,39,159,0
1634,51,238,39,154,0
1635,28,212,39,170,0
1636,81,213,39,171,0
1637,29,213,39,171,0
1638,30,214,39,182,0
1639,32,216,39,191,0
1640,33,217,39,194,0
1641,34,218,39,198,0
1642,35,220,39,209,0
1643,46,231,39,206,0
1644,70,221,39,212,0
1645,37,222,39,27,0
1646,37,232,39,32,0
1647,0,184,40,5,0
1648,38,223,40,8,0
1649,1,185,40,17,0
1650,2,186,40,15,0
1651,47,233,40,21,0
1652,4,188,40,30,0
1653,54,241,40,29,0
1654,6,190,40,38,0
1655,7,191,40,36,0
1656,8,192,40,39,0
1657,9,193,40,43,0
1658,10,194,40,46,0
1659,11,195,40,48,0
1660,48,235,40,59,0
1661,40,225,40,65,0
1662,12,196,40,68,0
1663,13,197,40,69,0
1664,14,198,40,71,0
1665,15,199,40,70,0
1666,16,200,40,83,0
1667,17,201,40,89,0
1668,18,202,40,88,0
1669,41,226,40,101,0
1670,82,203,40,99,0
1671,19,203,40,99,0
1672,49,236,40,102,0
1673,42,227,40,106,0
1674,20,204,40,119,0
1675,21,205,40,125,0
1676,22,206,40,131,0
1677,23,207,40,124,0
1678,24,208,40,140,0
1679,25,209,40,138,0
1680,50,237,40,141,0
1681,44,229,40,159,0
1682,28,212,40,170,0
1683,29,213,40,171,0
1684,30,214,40,182,0
1685,32,216,40,191,0
1686,33,217,40,194,0
1687,52,239,40,192,0
1688,34,218,40,198,0
1689,35,220,40,209,0
1690,70,221,40,212,0
1691,37,232,40,32,0
1692,0,184,41,5,0
1693,2,186,41,15,0
1694,4,188,41,30,0
1695,6,190,41,38,0
1696,7,191,41,36,0
1697,9,193,41,43,0
1698,10,194,41,46,0
1699,11,195,41,48,0
1700,48,235,41,59,0
1701,40,225,41,65,0
1702,12,196,41,68,0
1703,14,198,41,71,0
1704,15,199,41,70,0
1705,16,200,41,83,0
1706,17,201,41,89,0
1707,18,202,41,88,0
1708,41,226,41,101,0
1709,19,203,41,99,0
1710,49,236,41,102,0
1711,42,227,41,106,0
1712,20,204,41,119,0
1713,21,205,41,125,0
1714,22,206,41,131,0
1715,24,208,41,140,0
1716,25,209,41,138,0
1717,26,210,41,136,0
1718,44,229,41,159,0
1719,28,212,41,170,0
1720,29,213,41,171,0
1721,30,214,41,182,0
1722,31,215,41,178,0
1723,32,216,41,191,0
1724,33,217,41,194,0
1725,52,239,41,192,0
1726,34,218,41,198,0
1727,35,220,41,209,0
1728,70,221,41,212,0
1729,0,184,42,5,0
1730,4,188,42,30,0
1731,54,241,42,29,0
1732,7,191,42,36,0
1733,8,192,42,39,0
1734,9,193,42,43,0
1735,10,194,42,46,0
1736,11,195,42,48,0
1737,48,235,42,59,0
1738,40,225,42,65,0
1739,14,198,42,71,0
1740,15,199,42,70,0
1741,58,200,42,83,0
1742,16,200,42,83,0
1743,17,201,42,89,0
1744,18,202,42,88,0
1745,19,203,42,99,0
1746,42,227,42,106,0
1747,20,204,42,119,0
1748,21,205,42,125,0
1749,22,206,42,131,0
1750,23,207,42,124,0
1751,43,228,42,129,0
1752,24,208,42,140,0
1753,25,209,42,138,0
1754,50,237,42,141,0
1755,28,212,42,170,0
1756,81,213,42,171,0
1757,30,214,42,182,0
1758,31,215,42,178,0
1759,32,216,42,191,0
1760,33,217,42,194,0
1761,52,239,42,192,0
1762,34,218,42,198,0
1763,35,220,42,209,0
1764,37,222,42,27,0
1765,37,232,42,32,0
1766,0,184,43,5,0
1767,53,240,43,6,0
1768,38,223,43,8,0
1769,47,233,43,21,0
1770,5,189,43,25,0
1771,6,190,43,38,0
1772,7,191,43,36,0
1773,9,193,43,43,0
1774,10,194,43,46,0
1775,48,235,43,59,0
1776,40,225,43,65,0
1777,14,198,43,71,0
1778,15,199,43,70,0
1779,16,200,43,83,0
1780,17,201,43,89,0
1781,55,242,43,90,0
1782,18,202,43,88,0
1783,82,203,43,99,0
1784,19,203,43,99,0
1785,20,204,43,119,0
1786,21,205,43,125,0
1787,22,206,43,131,0
1788,23,207,43,124,0
1789,43,228,43,129,0
1790,24,208,43,140,0
1791,25,209,43,138,0
1792,50,237,43,141,0
1793,51,238,43,154,0
1794,28,212,43,170,0
1795,29,213,43,171,0
1796,68,251,43,175,0
1797,30,214,43,182,0
1798,31,215,43,178,0
1799,32,216,43,191,0
1800,33,217,43,194,0
1801,52,239,43,192,0
1802,34,218,43,198,0
1803,35,220,43,209,0
1804,36,221,43,212,0
1805,37,222,43,27,0
1806,37,232,43,32,0
1807,0,184,44,5,0
1808,38,223,44,8,0
1809,2,186,44,15,0
1810,3,187,44,24,0
1811,47,233,44,21,0
1812,4,188,44,30,0
1813,5,189,44,25,0
1814,6,190,44,38,0
1815,9,193,44,43,0
1816,10,194,44,46,0
1817,48,235,44,59,0
1818,40,225,44,65,0
1819,12,196,44,68,0
1820,13,197,44,69,0
1821,14,198,44,71,0
1822,15,199,44,70,0
1823,16,200,44,83,0
1824,17,201,44,89,0
1825,18,202,44,88,0
1826,41,226,44,101,0
1827,19,203,44,99,0
1828,20,204,44,119,0
1829,21,205,44,125,0
1830,24,208,44,140,0
1831,25,209,44,138,0
1832,26,210,44,136,0
1833,28,212,44,170,0
1834,29,213,44,171,0
1835,30,214,44,182,0
1836,32,216,44,191,0
1837,33,217,44,194,0
1838,52,239,44,192,0
1839,34,218,44,198,0
1840,35,220,44,209,0
1841,70,221,44,212,0
1842,37,232,44,32,0
1843,0,184,45,5,0
1844,2,186,45,15,0
1845,3,187,45,24,0
1846,4,188,45,30,0
1847,54,241,45,29,0
1848,6,190,45,38,0
1849,7,191,45,36,0
1850,9,193,45,43,0
1851,10,194,45,46,0
1852,11,195,45,48,0
1853,48,235,45,59,0
1854,40,225,45,65,0
1855,12,196,45,68,0
1856,14,198,45,71,0
1857,15,199,45,70,0
1858,16,200,45,83,0
1859,17,201,45,89,0
1860,18,202,45,88,0
1861,19,203,45,99,0
1862,49,236,45,102,0
1863,20,204,45,119,0
1864,21,205,45,125,0
1865,61,246,45,128,0
1866,22,206,45,131,0
1867,83,260,45,127,0
1868,23,207,45,124,0
1869,24,208,45,140,0
1870,25,209,45,138,0
1871,50,237,45,141,0
1872,26,210,45,136,0
1873,28,212,45,170,0
1874,29,213,45,171,0
1875,45,230,45,180,0
1876,31,215,45,178,0
1877,32,216,45,191,0
1878,33,217,45,194,0
1879,52,239,45,192,0
1880,34,218,45,198,0
1881,35,220,45,209,0
1882,37,222,45,27,0
1883,37,232,45,32,0
1884,0,184,46,5,0
1885,38,223,46,8,0
1886,2,186,46,15,0
1887,4,188,46,30,0
1888,5,189,46,25,0
1889,6,190,46,38,0
1890,7,191,46,36,0
1891,8,192,46,39,0
1892,9,193,46,43,0
1893,10,194,46,46,0
1894,11,195,46,48,0
1895,48,235,46,59,0
1896,40,225,46,65,0
1897,12,196,46,68,0
1898,14,198,46,71,0
1899,15,199,46,70,0
1900,16,200,46,83,0
1901,17,201,46,89,0
1902,18,202,46,88,0
1903,19,203,46,99,0
1904,42,227,46,106,0
1905,74,254,46,112,0
1906,20,204,46,119,0
1907,21,205,46,125,0
1908,61,246,46,128,0
1909,22,206,46,131,0
1910,23,207,46,124,0
1911,24,208,46,140,0
1912,25,209,46,138,0
1913,50,237,46,141,0
1914,26,210,46,136,0
1915,28,212,46,170,0
1916,29,213,46,171,0
1917,30,214,46,182,0
1918,31,215,46,178,0
1919,32,216,46,191,0
1920,33,217,46,194,0
1921,52,239,46,192,0
1922,34,218,46,198,0
1923,35,220,46,209,0
1924,46,231,46,206,0
1925,37,222,46,27,0
1926,37,232,46,32,0
1927,0,184,47,5,0
1928,38,223,47,8,0
1929,2,186,47,15,0
1930,4,188,47,30,0
1931,54,241,47,29,0
1932,5,189,47,25,0
1933,7,191,47,36,0
1934,8,192,47,39,0
1935,9,193,47,43,0
1936,10,194,47,46,0
1937,11,195,47,48,0
1938,84,247,47,57,0
1939,48,235,47,59,0
1940,12,196,47,68,0
1941,13,197,47,69,0
1942,14,198,47,71,0
1943,15,199,47,70,0
1944,16,200,47,83,0
1945,17,201,47,89,0
1946,85,261,47,91,0
1947,18,202,47,88,0
1948,41,226,47,101,0
1949,19,203,47,99,0
1950,49,236,47,102,0
1951,20,204,47,119,0
1952,22,206,47,131,0
1953,23,207,47,124,0
1954,43,228,47,129,0
1955,24,208,47,140,0
1956,25,209,47,138,0
1957,50,237,47,141,0
1958,27,211,47,158,0
1959,51,238,47,154,0
1960,28,212,47,170,0
1961,29,213,47,171,0
1962,30,214,47,182,0
1963,86,230,47,180,0
1964,32,216,47,191,0
1965,33,217,47,194,0
1966,52,239,47,192,0
1967,56,243,47,193,0
1968,34,218,47,198,0
1969,35,220,47,209,0
1970,46,231,47,206,0
1971,37,222,47,27,0
1972,37,232,47,32,0
1973,0,184,48,5,0
1974,2,186,48,15,0
1975,3,187,48,24,0
1976,4,255,48,22,0
1977,4,188,48,30,0
1978,7,191,48,36,0
1979,8,192,48,39,0
1980,9,193,48,43,0
1981,10,194,48,46,0
1982,11,195,48,48,0
1983,84,247,48,57,0
1984,48,235,48,59,0
1985,40,225,48,65,0
1986,12,196,48,68,0
1987,13,197,48,69,0
1988,15,199,48,70,0
1989,58,200,48,83,0
1990,16,200,48,83,0
1991,17,201,48,89,0
1992,18,202,48,88,0
1993,19,203,48,99,0
1994,49,236,48,102,0
1995,42,227,48,106,0
1996,20,204,48,119,0
1997,61,246,48,128,0
1998,22,206,48,131,0
1999,23,207,48,124,0
2000,24,208,48,140,0
2001,25,209,48,138,0
2002,50,237,48,141,0
2003,26,210,48,136,0
2004,28,212,48,170,0
2005,29,213,48,171,0
2006,30,214,48,182,0
2007,32,216,48,191,0
2008,33,217,48,194,0
2009,34,218,48,198,0
2010,35,220,48,209,0
2011,37,222,48,27,0
2012,37,232,48,32,0
2013,0,184,49,5,0
2014,2,186,49,15,0
2015,4,188,49,30,0
2016,54,241,49,29,0
2017,5,189,49,25,0
2018,39,224,49,33,0
2019,9,193,49,43,0
2020,10,194,49,46,0
2021,11,195,49,48,0
2022,48,235,49,59,0
2023,40,225,49,65,0
2024,12,196,49,68,0
2025,13,197,49,69,0
2026,14,198,49,71,0
2027,15,199,49,70,0
2028,16,200,49,83,0
2029,17,201,49,89,0
2030,18,202,49,88,0
2031,19,203,49,99,0
2032,42,227,49,106,0
2033,20,204,49,119,0
2034,21,205,49,125,0
2035,61,246,49,128,0
2036,22,206,49,131,0
2037,23,207,49,124,0
2038,24,208,49,140,0
2039,25,209,49,138,0
2040,50,237,49,141,0
2041,26,210,49,136,0
2042,27,211,49,158,0
2043,51,238,49,154,0
2044,28,212,49,170,0
2045,29,213,49,171,0
2046,30,214,49,182,0
2047,32,216,49,191,0
2048,33,217,49,194,0
2049,52,239,49,192,0
2050,34,218,49,198,0
2051,35,220,49,209,0
2052,37,232,49,32,0
2053,0,184,50,5,0
2054,53,240,50,6,0
2055,2,186,50,15,0
2056,3,187,50,24,0
2057,4,188,50,30,0
2058,5,189,50,25,0
2059,6,190,50,38,0
2060,7,191,50,36,0
2061,87,262,50,50,0
2062,9,193,50,43,0
2063,10,194,50,46,0
2064,11,195,50,48,0
2065,48,235,50,59,0
2066,40,225,50,65,0
2067,12,196,50,68,0
2068,14,198,50,71,0
2069,15,199,50,70,0
2070,58,200,50,83,0
2071,17,201,50,89,0
2072,55,242,50,90,0
2073,18,202,50,88,0
2074,19,203,50,99,0
2075,20,204,50,119,0
2076,22,206,50,131,0
2077,43,228,50,129,0
2078,24,208,50,140,0
2079,25,209,50,138,0
2080,50,237,50,141,0
2081,28,212,50,170,0
2082,29,213,50,171,0
2083,30,214,50,182,0
2084,32,216,50,191,0
2085,33,217,50,194,0
2086,52,239,50,192,0
2087,34,218,50,198,0
2088,35,220,50,209,0
2089,37,222,50,27,0
2090,37,232,50,32,0
2091,0,184,51,5,0
2092,38,223,51,8,0
2093,2,186,51,15,0
2094,4,188,51,30,0
2095,5,189,51,25,0
2096,6,190,51,38,0
2097,7,191,51,36,0
2098,57,244,51,34,0
2099,8,192,51,39,0
2100,88,263,51,40,0
2101,9,193,51,43,0
2102,10,194,51,46,0
2103,11,195,51,48,0
2104,48,235,51,59,0
2105,40,225,51,65,0
2106,12,196,51,68,0
2107,14,198,51,71,0
2108,15,199,51,70,0
2109,16,200,51,83,0
2110,17,201,51,89,0
2111,64,248,51,96,0
2112,18,202,51,88,0
2113,41,226,51,101,0
2114,19,203,51,99,0
2115,42,227,51,106,0
2116,74,254,51,112,0
2117,20,204,51,119,0
2118,21,205,51,125,0
2119,22,206,51,131,0
2120,23,207,51,124,0
2121,24,208,51,140,0
2122,25,209,51,138,0
2123,50,237,51,141,0
2124,27,211,51,158,0
2125,44,229,51,159,0
2126,51,238,51,154,0
2127,28,212,51,170,0
2128,29,213,51,171,0
2129,30,214,51,182,0
2130,45,230,51,180,0
2131,32,216,51,191,0
2132,33,217,51,194,0
2133,56,243,51,193,0
2134,34,218,51,198,0
2135,35,220,51,209,0
2136,37,222,51,27,0
2137,37,232,51,32,0
2138,0,184,52,5,0
2139,2,186,52,15,0
2140,47,233,52,21,0
2141,4,188,52,30,0
2142,5,189,52,25,0
2143,6,190,52,38,0
2144,7,191,52,36,0
2145,9,193,52,43,0
2146,10,194,52,46,0
2147,11,195,52,48,0
2148,48,235,52,59,0
2149,40,225,52,65,0
2150,12,196,52,68,0
2151,14,198,52,71,0
2152,15,199,52,70,0
2153,16,200,52,83,0
2154,17,201,52,89,0
2155,18,202,52,88,0
2156,19,203,52,99,0
2157,49,236,52,102,0
2158,42,227,52,106,0
2159,20,204,52,119,0
2160,22,206,52,131,0
2161,23,207,52,124,0
2162,43,228,52,129,0
2163,24,208,52,140,0
2164,25,209,52,138,0
2165,50,237,52,141,0
2166,51,238,52,154,0
2167,28,212,52,170,0
2168,29,213,52,171,0
2169,30,214,52,182,0
2170,31,215,52,178,0
2171,32,216,52,191,0
2172,33,217,52,194,0
2173,52,239,52,192,0
2174,34,218,52,198,0
2175,35,220,52,209,0
2176,37,222,52,27,0
2177,37,232,52,32,0
2178,0,184,53,5,0
2179,53,240,53,6,0
2180,38,223,53,8,0
2181,2,186,53,15,0
2182,4,188,53,30,0
2183,6,190,53,38,0
2184,7,191,53,36,0
2185,88,263,53,40,0
2186,10,194,53,46,0
2187,11,195,53,48,0
2188,48,235,53,59,0
2189,40,225,53,65,0
2190,12,196,53,68,0
2191,14,198,53,71,0
2192,15,199,53,70,0
2193,16,200,53,83,0
2194,17,201,53,89,0
2195,55,242,53,90,0
2196,18,202,53,88,0
2197,41,226,53,101,0
2198,19,203,53,99,0
2199,42,227,53,106,0
2200,20,204,53,119,0
2201,21,205,53,125,0
2202,61,246,53,128,0
2203,22,206,53,131,0
2204,23,207,53,124,0
2205,43,228,53,129,0
2206,24,208,53,140,0
2207,25,209,53,138,0
2208,50,237,53,141,0
2209,26,210,53,136,0
2210,27,211,53,158,0
2211,28,212,53,170,0
2212,29,213,53,171,0
2213,68,251,53,175,0
2214,30,214,53,182,0
2215,31,215,53,178,0
2216,33,217,53,194,0
2217,52,239,53,192,0
2218,56,243,53,193,0
2219,34,218,53,198,0
2220,35,220,53,209,0
2221,37,232,53,32,0
2222,0,184,54,5,0
2223,38,223,54,8,0
2224,2,186,54,15,0
2225,3,187,54,24,0
2226,47,233,54,21,0
2227,4,188,54,30,0
2228,54,241,54,29,0
2229,5,189,54,25,0
2230,6,190,54,38,0
2231,7,191,54,36,0
2232,8,192,54,39,0
2233,88,263,54,40,0
2234,9,193,54,43,0
2235,10,194,54,46,0
2236,11,195,54,48,0
2237,48,235,54,59,0
2238,40,225,54,65,0
2239,12,196,54,68,0
2240,14,198,54,71,0
2241,15,199,54,70,0
2242,16,200,54,83,0
2243,17,201,54,89,0
2244,18,202,54,88,0
2245,19,203,54,99,0
2246,49,236,54,102,0
2247,42,227,54,106,0
2248,20,204,54,119,0
2249,21,205,54,125,0
2250,61,246,54,128,0
2251,22,206,54,131,0
2252,83,260,54,127,0
2253,23,207,54,124,0
2254,24,208,54,140,0
2255,25,209,54,138,0
2256,26,210,54,136,0
2257,51,238,54,154,0
2258,28,212,54,170,0
2259,29,213,54,171,0
2260,30,214,54,182,0
2261,45,230,54,180,0
2262,31,215,54,178,0
2263,32,216,54,191,0
2264,33,217,54,194,0
2265,52,239,54,192,0
2266,56,243,54,193,0
2267,34,218,54,198,0
2268,35,220,54,209,0
2269,37,222,54,27,0
2270,0,184,55,5,0
2271,38,223,55,8,0
2272,2,186,55,15,0
2273,4,188,55,30,0
2274,54,241,55,29,0
2275,5,189,55,25,0
2276,6,190,55,38,0
2277,8,192,55,39,0
2278,9,193,55,43,0
2279,10,194,55,46,0
2280,11,195,55,48,0
2281,48,235,55,59,0
2282,40,225,55,65,0
2283,12,196,55,68,0
2284,13,197,55,69,0
2285,14,198,55,71,0
2286,67,250,55,67,0
2287,15,199,55,70,0
2288,16,200,55,83,0
2289,17,201,55,89,0
2290,18,202,55,88,0
2291,19,203,55,99,0
2292,74,254,55,112,0
2293,20,204,55,119,0
2294,21,205,55,125,0
2295,61,246,55,128,0
2296,22,206,55,131,0
2297,23,207,55,124,0
2298,24,208,55,140,0
2299,25,209,55,138,0
2300,27,211,55,158,0
2301,28,212,55,170,0
2302,29,213,55,171,0
2303,45,230,55,180,0
2304,31,215,55,178,0
2305,32,216,55,191,0
2306,33,217,55,194,0
2307,52,239,55,192,0
2308,34,218,55,198,0
2309,35,220,55,209,0
2310,37,222,55,27,0
2311,37,232,55,32,0
2312,0,184,56,5,0
2313,53,240,56,6,0
2314,2,186,56,15,0
2315,47,233,56,21,0
2316,4,188,56,30,0
2317,54,241,56,29,0
2318,5,189,56,25,0
2319,6,190,56,38,0
2320,7,191,56,36,0
2321,8,192,56,39,0
2322,9,193,56,43,0
2323,10,194,56,46,0
2324,11,195,56,48,0
2325,48,235,56,59,0
2326,40,225,56,65,0
2327,12,196,56,68,0
2328,13,197,56,69,0
2329,14,198,56,71,0
2330,15,199,56,70,0
2331,16,200,56,83,0
2332,17,201,56,89,0
2333,55,242,56,90,0
2334,89,264,56,84,0
2335,18,202,56,88,0
2336,41,226,56,101,0
2337,19,203,56,99,0
2338,49,236,56,102,0
2339,42,227,56,106,0
2340,20,204,56,119,0
2341,21,205,56,125,0
2342,22,206,56,131,0
2343,23,207,56,124,0
2344,50,237,56,141,0
2345,28,212,56,170,0
2346,29,213,56,171,0
2347,30,214,56,182,0
2348,45,230,56,180,0
2349,31,215,56,178,0
2350,32,216,56,191,0
2351,33,217,56,194,0
2352,52,239,56,192,0
2353,34,218,56,198,0
2354,35,220,56,209,0
2355,37,222,56,27,0
2356,0,184,57,5,0
2357,3,187,57,24,0
2358,4,188,57,30,0
2359,6,190,57,38,0
2360,7,191,57,36,0
2361,8,192,57,39,0
2362,9,193,57,43,0
2363,10,194,57,46,0
2364,11,195,57,48,0
2365,84,247,57,57,0
2366,48,235,57,59,0
2367,40,225,57,65,0
2368,12,196,57,68,0
2369,14,198,57,71,0
2370,15,199,57,70,0
2371,16,200,57,83,0
2372,17,201,57,89,0
2373,18,202,57,88,0
2374,19,203,57,99,0
2375,49,236,57,102,0
2376,22,206,57,131,0
2377,23,207,57,124,0
2378,24,208,57,140,0
2379,25,209,57,138,0
2380,28,212,57,170,0
2381,29,213,57,171,0
2382,33,217,57,194,0
2383,52,239,57,192,0
2384,34,218,57,198,0
2385,46,231,57,206,0
2386,37,222,57,27,0
2387,37,232,57,32,0
2388,0,184,58,5,0
2389,38,223,58,8,0
2390,2,186,58,15,0
2391,3,187,58,24,0
2392,4,188,58,30,0
2393,54,241,58,29,0
2394,6,190,58,38,0
2395,7,191,58,36,0
2396,57,244,58,34,0
2397,9,193,58,43,0
2398,10,194,58,46,0
2399,84,247,58,57,0
2400,48,235,58,59,0
2401,40,225,58,65,0
2402,12,196,58,68,0
2403,13,197,58,69,0
2404,14,198,58,71,0
2405,15,199,58,70,0
2406,77,256,58,76,0
2407,17,201,58,89,0
2408,18,202,58,88,0
2409,41,226,58,101,0
2410,82,203,58,99,0
2411,49,236,58,102,0
2412,20,204,58,119,0
2413,22,206,58,131,0
2414,23,207,58,124,0
2415,24,208,58,140,0
2416,25,209,58,138,0
2417,50,237,58,141,0
2418,51,238,58,154,0
2419,28,212,58,170,0
2420,29,213,58,171,0
2421,30,214,58,182,0
2422,32,216,58,191,0
2423,33,217,58,194,0
2424,52,239,58,192,0
2425,34,218,58,198,0
2426,35,220,58,209,0
2427,37,222,58,27,0
2428,37,232,58,32,0
2429,0,184,59,5,0
2430,53,240,59,6,0
2431,38,223,59,8,0
2432,2,186,59,15,0
2433,3,187,59,24,0
2434,4,188,59,30,0
2435,54,241,59,29,0
2436,6,190,59,38,0
2437,7,191,59,36,0
2438,39,224,59,33,0
2439,88,263,59,40,0
2440,9,193,59,43,0
2441,10,194,59,46,0
2442,11,195,59,48,0
2443,48,235,59,59,0
2444,40,225,59,65,0
2445,12,196,59,68,0
2446,14,198,59,71,0
2447,15,199,59,70,0
2448,16,200,59,83,0
2449,17,201,59,89,0
2450,89,264,59,84,0
2451,18,202,59,88,0
2452,19,203,59,99,0
2453,49,236,59,102,0
2454,74,254,59,112,0
2455,20,204,59,119,0
2456,22,206,59,131,0
2457,23,207,59,124,0
2458,24,208,59,140,0
2459,25,209,59,138,0
2460,50,237,59,141,0
2461,26,210,59,136,0
2462,44,229,59,159,0
2463,51,238,59,154,0
2464,28,212,59,170,0
2465,29,213,59,171,0
2466,30,214,59,182,0
2467,31,215,59,178,0
2468,32,216,59,191,0
2469,33,217,59,194,0
2470,56,243,59,193,0
2471,34,218,59,198,0
2472,35,220,59,209,0
2473,37,222,59,27,0
2474,37,232,59,32,0
2475,3,187,60,24,0
2476,4,188,60,30,0
2477,54,241,60,29,0
2478,5,189,60,25,0
2479,6,190,60,38,0
2480,7,191,60,36,0
2481,8,192,60,39,0
2482,9,193,60,43,0
2483,10,194,60,46,0
2484,11,195,60,48,0
2485,48,235,60,59,0
2486,40,225,60,65,0
2487,12,196,60,68,0
2488,14,198,60,71,0
2489,67,250,60,67,0
2490,16,200,60,83,0
2491,17,201,60,89,0
2492,89,264,60,84,0
2493,18,202,60,88,0
2494,19,203,60,99,0
2495,20,204,60,119,0
2496,21,205,60,125,0
2497,22,206,60,131,0
2498,23,207,60,124,0
2499,43,228,60,129,0
2500,24,208,60,140,0
2501,50,237,60,141,0
2502,26,210,60,136,0
2503,27,211,60,158,0
2504,28,212,60,170,0
2505,29,213,60,171,0
2506,30,214,60,182,0
2507,32,216,60,191,0
2508,33,217,60,194,0
2509,34,218,60,198,0
2510,35,220,60,209,0
2511,36,221,60,212,0
2512,37,222,60,27,0
2513,37,232,60,32,0
2514,0,184,61,5,0
2515,2,186,61,15,0
2516,4,188,61,30,0
2517,54,241,61,29,0
2518,5,189,61,25,0
2519,6,190,61,38,0
2520,7,191,61,36,0
2521,8,192,61,39,0
2522,9,193,61,43,0
2523,10,194,61,46,0
2524,11,195,61,48,0
2525,48,235,61,59,0
2526,40,225,61,65,0
2527,12,196,61,68,0
2528,14,198,61,71,0
2529,15,199,61,70,0
2530,16,200,61,83,0
2531,17,201,61,89,0
2532,55,242,61,90,0
2533,64,248,61,96,0
2534,18,202,61,88,0
2535,19,203,61,99,0
2536,49,236,61,102,0
2537,20,204,61,119,0
2538,21,205,61,125,0
2539,22,206,61,131,0
2540,23,207,61,124,0
2541,24,208,61,140,0
2542,25,209,61,138,0
2543,50,237,61,141,0
2544,27,211,61,158,0
2545,44,229,61,159,0
2546,28,212,61,170,0
2547,29,213,61,171,0
2548,30,214,61,182,0
2549,45,230,61,180,0
2550,32,216,61,191,0
2551,33,217,61,194,0
2552,52,239,61,192,0
2553,34,218,61,198,0
2554,35,220,61,209,0
2555,37,222,61,27,0
2556,37,232,61,32,0
2557,0,184,62,5,0
2558,2,186,62,15,0
2559,3,187,62,24,0
2560,4,188,62,30,0
2561,6,190,62,38,0
2562,7,191,62,36,0
2563,8,192,62,39,0
2564,88,263,62,40,0
2565,9,193,62,43,0
2566,10,194,62,46,0
2567,11,195,62,48,0
2568,84,247,62,57,0
2569,48,235,62,59,0
2570,40,225,62,65,0
2571,12,196,62,68,0
2572,14,198,62,71,0
2573,15,199,62,70,0
2574,16,200,62,83,0
2575,17,201,62,89,0
2576,18,202,62,88,0
2577,41,226,62,101,0
2578,19,203,62,99,0
2579,42,227,62,106,0
2580,20,204,62,119,0
2581,21,205,62,125,0
2582,61,246,62,128,0
2583,22,206,62,131,0
2584,23,207,62,124,0
2585,43,228,62,129,0
2586,24,208,62,140,0
2587,25,209,62,138,0
2588,50,237,62,141,0
2589,26,210,62,136,0
2590,27,211,62,158,0
2591,51,238,62,154,0
2592,28,212,62,170,0
2593,29,213,62,171,0
2594,31,215,62,178,0
2595,32,216,62,191,0
2596,33,217,62,194,0
2597,52,239,62,192,0
2598,34,218,62,198,0
2599,35,220,62,209,0
2600,36,221,62,212,0
2601,37,222,62,27,0
2602,37,232,62,32,0
2603,0,184,63,5,0
2604,2,186,63,15,0
2605,4,188,63,30,0
2606,54,241,63,29,0
2607,6,190,63,38,0
2608,7,191,63,36,0
2609,8,192,63,39,0
2610,9,193,63,43,0
2611,10,194,63,46,0
2612,48,235,63,59,0
2613,40,225,63,65,0
2614,12,196,63,68,0
2615,14,198,63,71,0
2616,15,199,63,70,0
2617,16,200,63,83,0
2618,17,201,63,89,0
2619,89,264,63,84,0
2620,18,202,63,88,0
2621,19,203,63,99,0
2622,42,227,63,106,0
2623,20,204,63,119,0
2624,21,205,63,125,0
2625,61,246,63,128,0
2626,22,206,63,131,0
2627,43,228,63,129,0
2628,24,208,63,140,0
2629,25,209,63,138,0
2630,50,237,63,141,0
2631,26,210,63,136,0
2632,27,211,63,158,0
2633,44,229,63,159,0
2634,28,212,63,170,0
2635,29,213,63,171,0
2636,30,214,63,182,0
2637,45,230,63,180,0
2638,31,215,63,178,0
2639,32,216,63,191,0
2640,33,217,63,194,0
2641,34,218,63,198,0
2642,35,220,63,209,0
2643,36,221,63,212,0
2644,37,232,63,32,0
2645,0,184,64,5,0
2646,65,240,64,6,0
2647,2,186,64,15,0
2648,47,233,64,21,0
2649,4,188,64,30,0
2650,5,189,64,25,0
2651,7,191,64,36,0
2652,8,192,64,39,0
2653,9,193,64,43,0
2654,10,194,64,46,0
2655,11,195,64,48,0
2656,84,247,64,57,0
2657,48,235,64,59,0
2658,40,225,64,65,0
2659,12,196,64,68,0
2660,14,198,64,71,0
2661,15,199,64,70,0
2662,16,200,64,83,0
2663,17,201,64,89,0
2664,64,248,64,96,0
2665,18,202,64,88,0
2666,19,203,64,99,0
2667,49,236,64,102,0
2668,20,204,64,119,0
2669,22,206,64,131,0
2670,23,207,64,124,0
2671,24,208,64,140,0
2672,25,209,64,138,0
2673,26,210,64,136,0
2674,27,211,64,158,0
2675,44,229,64,159,0
2676,28,212,64,170,0
2677,29,213,64,171,0
2678,30,214,64,182,0
2679,45,230,64,180,0
2680,32,216,64,191,0
2681,33,217,64,194,0
2682,34,218,64,198,0
2683,35,220,64,209,0
2684,37,222,64,27,0
2685,37,232,64,32,0
2686,53,240,65,6,0
2687,38,223,65,8,0
2688,2,186,65,15,0
2689,47,233,65,21,0
2690,76,255,65,22,0
2691,4,188,65,30,0
2692,5,189,65,25,0
2693,6,190,65,38,0
2694,7,191,65,36,0
2695,8,192,65,39,0
2696,9,193,65,43,0
2697,10,194,65,46,0
2698,11,195,65,48,0
2699,84,247,65,57,0
2700,48,235,65,59,0
2701,40,225,65,65,0
2702,12,196,65,68,0
2703,13,197,65,69,0
2704,14,198,65,71,0
2705,15,199,65,70,0
2706,16,200,65,83,0
2707,17,201,65,89,0
2708,18,202,65,88,0
2709,19,203,65,99,0
2710,49,236,65,102,0
2711,20,204,65,119,0
2712,21,205,65,125,0
2713,61,246,65,128,0
2714,22,206,65,131,0
2715,43,228,65,129,0
2716,24,208,65,140,0
2717,25,209,65,138,0
2718,50,237,65,141,0
2719,27,211,65,158,0
2720,28,212,65,170,0
2721,29,213,65,171,0
2722,30,214,65,182,0
2723,45,230,65,180,0
2724,31,215,65,178,0
2725,32,216,65,191,0
2726,56,243,65,193,0
2727,34,218,65,198,0
2728,35,220,65,209,0
2729,70,221,65,212,0
2730,37,232,65,32,0
2731,0,184,66,5,0
2732,38,223,66,8,0
2733,2,186,66,15,0
2734,4,188,66,30,0
2735,54,241,66,29,0
2736,6,190,66,38,0
2737,7,191,66,36,0
2738,8,192,66,39,0
2739,88,263,66,40,0
2740,9,193,66,43,0
2741,10,194,66,46,0
2742,11,195,66,48,0
2743,84,247,66,57,0
2744,48,235,66,59,0
2745,40,225,66,65,0
2746,14,198,66,71,0
2747,15,199,66,70,0
2748,58,200,66,83,0
2749,16,200,66,83,0
2750,17,201,66,89,0
2751,18,202,66,88,0
2752,41,226,66,101,0
2753,19,203,66,99,0
2754,90,265,66,97,0
2755,20,204,66,119,0
2756,21,205,66,125,0
2757,61,246,66,128,0
2758,22,206,66,131,0
2759,23,207,66,124,0
2760,43,228,66,129,0
2761,24,208,66,140,0
2762,25,209,66,138,0
2763,50,237,66,141,0
2764,26,210,66,136,0
2765,27,211,66,158,0
2766,51,238,66,154,0
2767,28,212,66,170,0
2768,29,213,66,171,0
2769,30,214,66,182,0
2770,31,215,66,178,0
2771,32,216,66,191,0
2772,33,217,66,194,0
2773,52,239,66,192,0
2774,56,243,66,193,0
2775,34,218,66,198,0
2776,35,220,66,209,0
2777,37,232,66,32,0
2778,0,184,67,5,0
2779,2,186,67,15,0
2780,47,233,67,21,0
2781,76,255,67,22,0
2782,4,188,67,30,0
2783,6,190,67,38,0
2784,8,192,67,39,0
2785,9,193,67,43,0
2786,10,194,67,46,0
2787,11,195,67,48,0
2788,84,247,67,57,0
2789,48,235,67,59,0
2790,40,225,67,65,0
2791,13,197,67,69,0
2792,14,198,67,71,0
2793,15,199,67,70,0
2794,16,200,67,83,0
2795,17,201,67,89,0
2796,55,242,67,90,0
2797,64,248,67,96,0
2798,18,202,67,88,0
2799,19,203,67,99,0
2800,42,227,67,106,0
2801,20,204,67,119,0
2802,21,205,67,125,0
2803,22,206,67,131,0
2804,23,207,67,124,0
2805,43,228,67,129,0
2806,24,208,67,140,0
2807,25,209,67,138,0
2808,50,237,67,141,0
2809,27,211,67,158,0
2810,44,229,67,159,0
2811,28,212,67,170,0
2812,29,213,67,171,0
2813,30,214,67,182,0
2814,32,216,67,191,0
2815,33,217,67,194,0
2816,52,239,67,192,0
2817,34,218,67,198,0
2818,35,220,67,209,0
2819,70,221,67,212,0
2820,36,221,67,212,0
2821,0,184,68,5,0
2822,4,188,68,30,0
2823,5,189,68,25,0
2824,6,190,68,38,0
2825,39,224,68,33,0
2826,9,193,68,43,0
2827,10,194,68,46,0
2828,11,195,68,48,0
2829,84,247,68,57,0
2830,48,235,68,59,0
2831,40,225,68,65,0
2832,12,196,68,68,0
2833,14,198,68,71,0
2834,15,199,68,70,0
2835,16,200,68,83,0
2836,17,201,68,89,0
2837,18,202,68,88,0
2838,19,203,68,99,0
2839,20,204,68,119,0
2840,21,205,68,125,0
2841,61,246,68,128,0
2842,22,206,68,131,0
2843,23,207,68,124,0
2844,43,228,68,129,0
2845,24,208,68,140,0
2846,25,209,68,138,0
2847,50,237,68,141,0
2848,27,211,68,158,0
2849,71,229,68,159,0
2850,28,212,68,170,0
2851,29,213,68,171,0
2852,30,214,68,182,0
2853,32,216,68,191,0
2854,33,217,68,194,0
2855,52,239,68,192,0
2856,34,218,68,198,0
2857,35,220,68,209,0
2858,46,231,68,206,0
2859,36,221,68,212,0
2860,37,222,68,27,0
2861,37,232,68,32,0
2862,0,184,69,5,0
2863,53,240,69,6,0
2864,38,223,69,8,0
2865,2,186,69,15,0
2866,4,188,69,30,0
2867,6,190,69,38,0
2868,9,193,69,43,0
2869,10,194,69,46,0
2870,84,247,69,57,0
2871,48,235,69,59,0
2872,40,225,69,65,0
2873,12,196,69,68,0
2874,14,198,69,71,0
2875,16,200,69,83,0
2876,17,201,69,89,0
2877,55,242,69,90,0
2878,18,202,69,88,0
2879,19,203,69,99,0
2880,49,236,69,102,0
2881,20,204,69,119,0
2882,21,205,69,125,0
2883,22,206,69,131,0
2884,23,207,69,124,0
2885,24,208,69,140,0
2886,25,209,69,138,0
2887,50,237,69,141,0
2888,26,210,69,136,0
2889,27,211,69,158,0
2890,44,229,69,159,0
2891,28,212,69,170,0
2892,29,213,69,171,0
2893,30,214,69,182,0
2894,32,216,69,191,0
2895,33,217,69,194,0
2896,34,218,69,198,0
2897,35,220,69,209,0
2898,37,222,69,27,0
2899,0,184,70,5,0
2900,53,240,70,6,0
2901,38,223,70,8,0
2902,2,186,70,15,0
2903,47,233,70,21,0
2904,4,255,70,22,0
2905,4,188,70,30,0
2906,54,241,70,29,0
2907,5,189,70,25,0
2908,6,190,70,38,0
2909,39,224,70,33,0
2910,9,193,70,43,0
2911,10,194,70,46,0
2912,11,195,70,48,0
2913,84,247,70,57,0
2914,48,235,70,59,0
2915,40,225,70,65,0
2916,12,196,70,68,0
2917,13,197,70,69,0
2918,14,198,70,71,0
2919,16,200,70,83,0
2920,17,201,70,89,0
2921,55,242,70,90,1
2922,18,202,70,88,1
2923,41,226,70,101,1
2924,19,203,70,99,1
2925,74,254,70,112,1
2926,20,204,70,119,1
2927,21,205,70,125,1
2928,22,206,70,131,1
2929,23,207,70,124,1
2930,24,208,70,140,1
2931,25,209,70,138,1
2932,50,237,70,141,1
2933,51,238,70,154,1
2934,28,212,70,170,1
2935,29,213,70,171,1
2936,30,214,70,182,1
2937,31,215,70,178,1
2938,32,216,70,191,1
2939,33,217,70,194,1
2940,52,239,70,192,1
2941,34,218,70,198,1
2942,35,220,70,209,1
2943,37,222,70,27,1
2944,53,240,71,6,1
2945,2,186,71,15,1
2946,76,255,71,22,1
2947,4,188,71,30,1
2948,5,189,71,25,1
2949,6,190,71,38,1
2950,9,193,71,43,1
2951,10,194,71,46,1
2952,11,195,71,48,1
2953,84,247,71,57,1
2954,48,235,71,59,1
2955,12,196,71,68,1
2956,14,198,71,71,1
2957,15,199,71,70,1
2958,16,200,71,83,1
2959,17,201,71,89,1
2960,55,242,71,90,1
2961,18,202,71,88,1
2962,19,203,71,99,1
2963,49,236,71,102,1
2964,20,204,71,119,1
2965,22,206,71,131,1
2966,43,228,71,129,1
2967,24,208,71,140,1
2968,25,209,71,138,1
2969,50,237,71,141,1
2970,27,211,71,158,1
2971,51,238,71,154,1
2972,28,212,71,170,1
2973,30,214,71,182,1
2974,32,216,71,191,1
2975,33,217,71,194,1
2976,52,239,71,192,1
2977,34,218,71,198,1
2978,35,220,71,209,1
2979,37,222,71,27,1
2980,37,232,71,32,1
2981,0,184,72,5,1
2982,2,186,72,15,1
2983,4,188,72,30,1
2984,8,192,72,39,1
2985,9,193,72,43,1
2986,10,194,72,46,1
2987,11,195,72,48,1
2988,48,235,72,59,1
2989,40,225,72,65,1
2990,12,196,72,68,1
2991,14,198,72,71,1
2992,15,199,72,70,1
2993,58,200,72,83,1
2994,17,201,72,89,1
2995,59,242,72,90,1
2996,64,248,72,96,1
2997,18,202,72,88,1
2998,19,203,72,99,1
2999,49,236,72,102,1
3000,74,254,72,112,1
3001,20,204,72,119,1
3002,21,205,72,125,1
3003,22,206,72,131,1
3004,24,208,72,140,1
3005,25,209,72,138,1
3006,28,212,72,170,1
3007,29,213,72,171,1
3008,30,214,72,182,1
3009,45,230,72,180,1
3010,31,215,72,178,1
3011,32,216,72,191,1
3012,33,217,72,194,1
3013,52,239,72,192,1
3014,56,243,72,193,1
3015,34,218,72,198,1
3016,35,220,72,209,1
3017,37,222,72,27,1
3018,37,232,72,32,1
3019,0,184,73,5,1
3020,38,223,73,8,1
3021,2,186,73,15,1
3022,3,187,73,24,1
3023,47,233,73,21,1
3024,4,188,73,30,1
3025,7,191,73,36,1
3026,8,192,73,39,1
3027,9,193,73,43,1
3028,10,194,73,46,1
3029,11,195,73,48,1
3030,84,247,73,57,1
3031,48,235,73,59,1
3032,40,225,73,65,1
3033,14,198,73,71,1
3034,15,199,73,70,1
3035,58,259,73,75,1
3036,16,200,73,83,1
3037,17,201,73,89,1
3038,55,242,73,90,1
3039,18,202,73,88,1
3040,19,203,73,99,1
3041,42,227,73,106,1
3042,20,204,73,119,1
3043,21,205,73,125,1
3044,22,206,73,131,1
3045,23,207,73,124,1
3046,43,228,73,129,1
3047,24,208,73,140,1
3048,25,209,73,138,1
3049,50,237,73,141,1
3050,26,210,73,136,1
3051,51,238,73,154,1
3052,28,212,73,170,1
3053,29,213,73,171,1
3054,30,214,73,182,1
3055,31,215,73,178,1
3056,32,216,73,191,1
3057,33,217,73,194,1
3058,52,266,73,190,1
3059,56,243,73,193,1
3060,34,218,73,198,1
3061,35,220,73,209,1
3062,37,222,73,27,1
3063,37,232,73,32,1
3064,0,184,74,5,1
3065,53,240,74,6,1
3066,2,186,74,15,1
3067,4,188,74,30,1
3068,6,190,74,38,1
3069,7,191,74,36,1
3070,8,192,74,39,1
3071,88,263,74,40,1
3072,9,193,74,43,1
3073,10,194,74,46,1
3074,11,195,74,48,1
3075,84,247,74,57,1
3076,48,235,74,59,1
3077,40,225,74,65,1
3078,12,196,74,68,1
3079,14,198,74,71,1
3080,16,200,74,83,1
3081,17,201,74,89,1
3082,59,242,74,90,1
3083,18,202,74,88,1
3084,19,203,74,99,1
3085,20,204,74,119,1
3086,21,205,74,125,1
3087,61,246,74,128,1
3088,22,206,74,131,1
3089,23,207,74,124,1
3090,43,228,74,129,1
3091,24,208,74,140,1
3092,25,209,74,138,1
3093,50,237,74,141,1
3094,44,229,74,159,1
3095,28,212,74,170,1
3096,29,213,74,171,1
3097,30,214,74,182,1
3098,45,230,74,180,1
3099,31,215,74,178,1
3100,32,216,74,191,1
3101,33,217,74,194,1
3102,52,239,74,192,1
3103,34,218,74,198,1
3104,35,220,74,209,1
3105,37,222,74,27,1
3106,53,240,75,6,1
3107,38,223,75,8,1
3108,2,186,75,15,1
3109,3,187,75,24,1
3110,4,188,75,30,1
3111,8,192,75,39,1
3112,10,194,75,46,1
3113,11,195,75,48,1
3114,84,247,75,57,1
3115,48,235,75,59,1
3116,40,225,75,65,1
3117,12,196,75,68,1
3118,14,198,75,71,1
3119,15,199,75,70,1
3120,16,200,75,83,1
3121,17,201,75,89,1
3122,64,248,75,96,1
3123,18,202,75,88,1
3124,19,203,75,99,1
3125,20,204,75,119,1
3126,21,205,75,125,1
3127,22,206,75,131,1
3128,24,208,75,140,1
3129,25,209,75,138,1
3130,26,210,75,136,1
3131,51,238,75,154,1
3132,28,212,75,170,1
3133,29,213,75,171,1
3134,30,214,75,182,1
3135,45,230,75,180,1
3136,31,215,75,178,1
3137,32,216,75,191,1
3138,33,217,75,194,1
3139,52,239,75,192,1
3140,34,218,75,198,1
3141,35,220,75,209,1
3142,37,222,75,27,1
3143,53,240,76,6,1
3144,2,186,76,15,1
3145,47,233,76,21,1
3146,5,189,76,25,1
3147,6,190,76,38,1
3148,7,191,76,36,1
3149,57,244,76,34,1
3150,8,192,76,39,1
3151,9,193,76,43,1
3152,10,194,76,46,1
3153,11,195,76,48,1
3154,84,247,76,57,1
3155,48,235,76,59,1
3156,40,225,76,65,1
3157,12,196,76,68,1
3158,14,198,76,71,1
3159,15,199,76,70,1
3160,16,200,76,83,1
3161,17,201,76,89,1
3162,18,202,76,88,1
3163,19,203,76,99,1
3164,49,236,76,102,1
3165,20,204,76,119,1
3166,61,246,76,128,1
3167,22,206,76,131,1
3168,23,207,76,124,1
3169,24,208,76,140,1
3170,25,209,76,138,1
3171,50,237,76,141,1
3172,26,210,76,136,1
3173,51,238,76,154,1
3174,28,212,76,170,1
3175,29,213,76,171,1
3176,30,214,76,182,1
3177,31,215,76,178,1
3178,32,216,76,191,1
3179,33,217,76,194,1
3180,52,239,76,192,1
3181,34,218,76,198,1
3182,46,231,76,206,1
3183,37,222,76,27,1
3184,37,232,76,32,1
3185,0,184,77,5,1
3186,53,240,77,6,1
3187,2,186,77,15,1
3188,4,188,77,30,1
3189,54,241,77,29,1
3190,5,189,77,25,1
3191,6,190,77,38,1
3192,8,192,77,39,1
3193,9,193,77,43,1
3194,10,194,77,46,1
3195,48,235,77,59,1
3196,40,225,77,65,1
3197,12,196,77,68,1
3198,13,197,77,69,1
3199,14,198,77,71,1
3200,16,200,77,83,1
3201,17,201,77,89,1
3202,18,202,77,88,1
3203,19,203,77,99,1
3204,49,236,77,102,1
3205,42,227,77,106,1
3206,74,254,77,112,1
3207,20,204,77,119,1
3208,21,205,77,125,1
3209,22,206,77,131,1
3210,23,207,77,124,1
3211,24,208,77,140,1
3212,25,209,77,138,1
3213,26,210,77,136,1
3214,51,238,77,154,1
3215,28,212,77,170,1
3216,29,213,77,171,1
3217,30,214,77,182,1
3218,45,230,77,180,1
3219,32,216,77,191,1
3220,52,239,77,192,1
3221,56,243,77,193,1
3222,34,218,77,198,1
3223,35,220,77,209,1
3224,46,231,77,206,1
3225,36,221,77,212,1
3226,37,232,77,32,1
3227,0,184,78,5,1
3228,53,240,78,6,1
3229,38,223,78,8,1
3230,2,186,78,15,1
3231,4,188,78,30,1
3232,5,189,78,25,1
3233,6,190,78,38,1
3234,9,193,78,43,1
3235,10,194,78,46,1
3236,11,195,78,48,1
3237,48,235,78,59,1
3238,40,225,78,65,1
3239,12,196,78,68,1
3240,14,198,78,71,1
3241,16,200,78,83,1
3242,17,201,78,89,1
3243,55,242,78,90,1
3244,64,248,78,96,1
3245,18,202,78,88,1
3246,19,203,78,99,1
3247,74,254,78,112,1
3248,22,206,78,131,1
3249,23,207,78,124,1
3250,24,208,78,140,1
3251,25,209,78,138,1
3252,50,237,78,141,1
3253,26,210,78,136,1
3254,27,211,78,158,1
3255,44,229,78,159,1
3256,28,212,78,170,1
3257,29,213,78,171,1
3258,30,214,78,182,1
3259,45,230,78,180,1
3260,31,215,78,178,1
3261,32,216,78,191,1
3262,33,217,78,194,1
3263,52,239,78,192,1
3264,34,218,78,198,1
3265,37,222,78,27,1
3266,37,232,78,32,1
3267,0,184,79,5,1
3268,65,240,79,6,1
3269,2,186,79,15,1
3270,3,187,79,24,1
3271,4,188,79,30,1
3272,54,241,79,29,1
3273,5,189,79,25,1
3274,6,190,79,38,1
3275,7,191,79,36,1
3276,9,193,79,43,1
3277,10,194,79,46,1
3278,84,247,79,57,1
3279,48,235,79,59,1
3280,40,225,79,65,1
3281,12,196,79,68,1
3282,14,198,79,71,1
3283,16,200,79,83,1
3284,17,201,79,89,1
3285,64,248,79,96,1
3286,18,202,79,88,1
3287,19,203,79,99,1
3288,20,204,79,119,1
3289,21,205,79,125,1
3290,61,246,79,128,1
3291,22,206,79,131,1
3292,23,207,79,124,1
3293,24,208,79,140,1
3294,25,209,79,138,1
3295,50,237,79,141,1
3296,26,210,79,136,1
3297,44,229,79,159,1
3298,28,212,79,170,1
3299,29,213,79,171,1
3300,33,217,79,194,1
3301,52,239,79,192,1
3302,34,218,79,198,1
3303,35,220,79,209,1
3304,37,222,79,27,1
3305,37,232,79,32,1
3306,0,184,80,5,1
3307,38,223,80,8,1
3308,2,186,80,15,1
3309,47,233,80,21,1
3310,4,188,80,30,1
3311,54,241,80,29,1
3312,5,189,80,25,1
3313,8,192,80,39,1
3314,9,193,80,43,1
3315,10,194,80,46,1
3316,11,195,80,48,1
3317,48,235,80,59,1
3318,40,225,80,65,1
3319,12,196,80,68,1
3320,14,198,80,71,1
3321,15,199,80,70,1
3322,16,200,80,83,1
3323,17,201,80,89,1
3324,55,242,80,90,1
3325,18,202,80,88,1
3326,82,203,80,99,1
3327,19,203,80,99,1
3328,49,236,80,102,1
3329,74,254,80,112,1
3330,20,204,80,119,1
3331,21,205,80,125,1
3332,22,206,80,131,1
3333,23,207,80,124,1
3334,24,208,80,140,1
3335,25,209,80,138,1
3336,50,237,80,141,1
3337,26,210,80,136,1
3338,51,238,80,154,1
3339,28,212,80,170,1
3340,29,213,80,171,1
3341,30,214,80,182,1
3342,31,215,80,178,1
3343,32,216,80,191,1
3344,33,217,80,194,1
3345,52,239,80,192,1
3346,34,218,80,198,1
3347,35,220,80,209,1
3348,37,222,80,27,1
3349,0,184,81,5,1
3350,53,240,81,6,1
3351,38,223,81,8,1
3352,2,186,81,15,1
3353,3,187,81,24,1
3354,4,188,81,30,1
3355,5,189,81,25,1
3356,6,190,81,38,1
3357,8,192,81,39,1
3358,9,193,81,43,1
3359,10,194,81,46,1
3360,11,195,81,48,1
3361,84,247,81,57,1
3362,48,235,81,59,1
3363,40,225,81,65,1
3364,12,196,81,68,1
3365,13,197,81,69,1
3366,14,198,81,71,1
3367,15,199,81,70,1
3368,77,256,81,76,1
3369,16,200,81,83,1
3370,17,201,81,89,1
3371,18,202,81,88,1
3372,19,203,81,99,1
3373,74,254,81,112,1
3374,20,204,81,119,1
3375,21,205,81,125,1
3376,61,246,81,128,1
3377,23,207,81,124,1
3378,24,208,81,140,1
3379,25,209,81,138,1
3380,91,267,81,143,1
3381,50,237,81,141,1
3382,44,229,81,159,1
3383,51,238,81,154,1
3384,28,212,81,170,1
3385,29,213,81,171,1
3386,30,214,81,182,1
3387,45,230,81,180,1
3388,32,216,81,191,1
3389,33,217,81,194,1
3390,52,239,81,192,1
3391,34,218,81,198,1
3392,35,220,81,209,1
3393,37,222,81,27,1
3394,37,232,81,32,1
3395,0,184,82,5,1
3396,53,240,82,6,1
3397,38,223,82,8,1
3398,2,186,82,15,1
3399,4,188,82,30,1
3400,54,241,82,29,1
3401,6,190,82,38,1
3402,8,192,82,39,1
3403,88,263,82,40,1
3404,9,193,82,43,1
3405,10,194,82,46,1
3406,11,195,82,48,1
3407,84,247,82,57,1
3408,40,225,82,65,1
3409,12,196,82,68,1
3410,14,198,82,71,1
3411,15,199,82,70,1
3412,16,200,82,83,1
3413,17,201,82,89,1
3414,55,242,82,90,1
3415,18,202,82,88,1
3416,19,203,82,99,1
3417,20,204,82,119,1
3418,21,205,82,125,1
3419,22,206,82,131,1
3420,23,207,82,124,1
3421,24,208,82,140,1
3422,26,210,82,136,1
3423,44,229,82,159,1
3424,51,238,82,154,1
3425,28,212,82,170,1
3426,29,213,82,171,1
3427,30,214,82,182,1
3428,31,215,82,178,1
3429,32,216,82,191,1
3430,33,217,82,194,1
3431,52,239,82,192,1
3432,34,218,82,198,1
3433,35,220,82,209,1
3434,46,231,82,206,1
3435,37,222,82,27,1
3436,37,232,82,32,1
3437,0,184,83,5,1
3438,38,223,83,8,1
3439,47,233,83,21,1
3440,4,188,83,30,1
3441,6,190,83,38,1
3442,39,224,83,33,1
3443,8,192,83,39,1
3444,9,193,83,43,1
3445,10,194,83,46,1
3446,11,195,83,48,1
3447,84,247,83,57,1
3448,48,235,83,59,1
3449,40,225,83,65,1
3450,12,196,83,68,1
3451,14,198,83,71,1
3452,16,200,83,83,1
3453,17,201,83,89,1
3454,89,264,83,84,1
3455,64,248,83,96,1
3456,18,202,83,88,1
3457,19,203,83,99,1
3458,42,227,83,106,1
3459,21,205,83,125,1
3460,22,206,83,131,1
3461,23,207,83,124,1
3462,24,208,83,140,1
3463,25,209,83,138,1
3464,50,237,83,141,1
3465,26,210,83,136,1
3466,27,211,83,158,1
3467,44,229,83,159,1
3468,51,238,83,154,1
3469,28,212,83,170,1
3470,29,213,83,171,1
3471,30,214,83,182,1
3472,31,215,83,178,1
3473,32,216,83,191,1
3474,33,217,83,194,1
3475,52,239,83,192,1
3476,34,218,83,198,1
3477,35,220,83,209,1
3478,46,231,83,206,1
3479,92,268,83,208,1
3480,37,222,83,27,1
3481,0,184,84,5,1
3482,53,240,84,6,1
3483,38,223,84,8,1
3484,2,186,84,15,1
3485,3,187,84,24,1
3486,4,188,84,30,1
3487,54,241,84,29,1
3488,5,189,84,25,1
3489,7,191,84,36,1
3490,9,193,84,43,1
3491,10,194,84,46,1
3492,11,195,84,48,1
3493,84,247,84,57,1
3494,48,235,84,59,1
3495,40,225,84,65,1
3496,93,269,84,64,1
3497,14,198,84,71,1
3498,15,199,84,70,1
3499,77,256,84,76,1
3500,16,200,84,83,1
3501,17,201,84,89,1
3502,18,202,84,88,1
3503,41,226,84,101,1
3504,82,203,84,99,1
3505,19,203,84,99,1
3506,49,236,84,102,1
3507,20,204,84,119,1
3508,22,206,84,131,1
3509,25,209,84,138,1
3510,50,237,84,141,1
3511,51,238,84,154,1
3512,28,212,84,170,1
3513,29,213,84,171,1
3514,31,215,84,178,1
3515,32,216,84,191,1
3516,33,217,84,194,1
3517,52,239,84,192,1
3518,56,243,84,193,1
3519,34,218,84,198,1
3520,35,220,84,209,1
3521,37,222,84,27,1
3522,37,232,84,32,1
3523,0,184,85,5,1
3524,53,240,85,6,1
3525,38,223,85,8,1
3526,2,186,85,15,1
3527,47,233,85,21,1
3528,6,190,85,38,1
3529,39,224,85,33,1
3530,9,193,85,43,1
3531,10,194,85,46,1
3532,11,195,85,48,1
3533,84,247,85,57,1
3534,48,235,85,59,1
3535,12,196,85,68,1
3536,14,198,85,71,1
3537,15,199,85,70,1
3538,16,200,85,83,1
3539,17,201,85,89,1
3540,55,242,85,90,1
3541,18,202,85,88,1
3542,19,203,85,99,1
3543,49,236,85,102,1
3544,42,227,85,106,1
3545,20,204,85,119,1
3546,21,205,85,125,1
3547,22,206,85,131,2
3548,23,207,85,124,2
3549,24,208,85,140,2
3550,50,237,85,141,2
3551,26,210,85,136,2
3552,27,211,85,158,2
3553,51,238,85,154,2
3554,28,212,85,170,2
3555,29,213,85,171,2
3556,45,230,85,180,2
3557,32,216,85,191,2
3558,33,217,85,194,2
3559,34,218,85,198,2
3560,35,220,85,209,2
3561,46,231,85,206,2
3562,37,222,85,27,2
3563,0,184,86,5,2
3564,53,240,86,6,2
3565,38,223,86,8,2
3566,2,186,86,15,2
3567,4,188,86,30,2
3568,6,190,86,38,2
3569,7,191,86,36,2
3570,39,224,86,33,2
3571,8,192,86,39,2
3572,88,263,86,40,2
3573,9,193,86,43,2
3574,10,194,86,46,2
3575,11,195,86,48,2
3576,84,247,86,57,2
3577,48,235,86,59,2
3578,40,225,86,65,2
3579,12,196,86,68,2
3580,14,198,86,71,2
3581,15,199,86,70,2
3582,16,200,86,83,2
3583,17,201,86,89,2
3584,55,242,86,90,2
3585,18,202,86,88,2
3586,19,203,86,99,2
3587,42,227,86,106,2
3588,21,205,86,125,2
3589,61,246,86,128,2
3590,22,206,86,131,2
3591,23,207,86,124,2
3592,43,228,86,129,2
3593,24,208,86,140,2
3594,25,209,86,138,2
3595,50,237,86,141,2
3596,26,210,86,136,2
3597,51,238,86,154,2
3598,28,212,86,170,2
3599,29,213,86,171,2
3600,30,214,86,182,2
3601,32,216,86,191,2
3602,33,217,86,194,2
3603,56,243,86,193,2
3604,34,218,86,198,2
3605,35,220,86,209,2
3606,37,222,86,27,2
3607,37,232,86,32,2
3608,0,184,87,5,2
3609,38,223,87,8,2
3610,2,186,87,15,2
3611,3,187,87,24,2
3612,4,188,87,30,2
3613,54,241,87,29,2
3614,5,189,87,25,2
3615,6,190,87,38,2
3616,7,191,87,36,2
3617,9,193,87,43,2
3618,10,194,87,46,2
3619,11,195,87,48,2
3620,84,247,87,57,2
3621,40,225,87,65,2
3622,12,196,87,68,2
3623,14,198,87,71,2
3624,16,200,87,83,2
3625,17,201,87,89,2
3626,18,202,87,88,2
3627,19,203,87,99,2
3628,49,236,87,102,2
3629,42,227,87,106,2
3630,20,204,87,119,2
3631,22,206,87,131,2
3632,25,209,87,138,2
3633,27,211,87,158,2
3634,44,229,87,159,2
3635,51,238,87,154,2
3636,28,212,87,170,2
3637,29,213,87,171,2
3638,30,214,87,182,2
3639,45,230,87,180,2
3640,31,215,87,178,2
3641,32,216,87,191,2
3642,33,217,87,194,2
3643,52,239,87,192,2
3644,56,243,87,193,2
3645,34,218,87,198,2
3646,35,220,87,209,2
3647,70,221,87,212,2
3648,37,222,87,27,2
3649,0,184,88,5,2
3650,53,240,88,6,2
3651,38,223,88,8,2
3652,2,186,88,15,2
3653,4,188,88,30,2
3654,6,190,88,38,2
3655,7,191,88,36,2
3656,39,224,88,33,2
3657,9,193,88,43,2
3658,10,194,88,46,2
3659,11,195,88,48,2
3660,84,247,88,57,2
3661,48,235,88,59,2
3662,40,225,88,65,2
3663,12,196,88,68,2
3664,14,198,88,71,2
3665,15,199,88,70,2
3666,16,200,88,83,2
3667,17,201,88,89,2
3668,55,242,88,90,2
3669,18,202,88,88,2
3670,19,203,88,99,2
3671,42,227,88,106,2
3672,20,204,88,119,2
3673,22,206,88,131,2
3674,23,207,88,124,2
3675,25,209,88,138,2
3676,50,237,88,141,2
3677,44,229,88,159,2
3678,28,212,88,170,2
3679,29,213,88,171,2
3680,30,214,88,182,2
3681,31,215,88,178,2
3682,32,216,88,191,2
3683,52,239,88,192,2
3684,56,243,88,193,2
3685,34,218,88,198,2
3686,35,220,88,209,2
3687,36,221,88,212,2
3688,37,232,88,32,2
3689,0,184,89,5,2
3690,53,240,89,6,2
3691,38,223,89,8,2
3692,2,186,89,15,2
3693,3,187,89,24,2
3694,54,241,89,29,2
3695,5,189,89,25,2
3696,6,190,89,38,2
3697,7,191,89,36,2
3698,9,193,89,43,2
3699,10,194,89,46,2
3700,11,195,89,48,2
3701,40,225,89,65,2
3702,12,196,89,68,2
3703,13,197,89,69,2
3704,14,198,89,71,2
3705,15,199,89,70,2
3706,16,200,89,83,2
3707,17,201,89,89,2
3708,18,202,89,88,2
3709,19,203,89,99,2
3710,49,236,89,102,2
3711,74,254,89,112,2
3712,20,204,89,119,2
3713,21,205,89,125,2
3714,22,206,89,131,2
3715,23,207,89,124,2
3716,50,237,89,141,2
3717,26,210,89,136,2
3718,28,212,89,170,2
3719,29,213,89,171,2
3720,32,216,89,191,2
3721,33,217,89,194,2
3722,52,239,89,192,2
3723,56,243,89,193,2
3724,34,218,89,198,2
3725,35,220,89,209,2
3726,70,221,89,212,2
3727,37,222,89,27,2
3728,0,184,90,5,2
3729,53,240,90,6,2
3730,2,186,90,15,2
3731,4,188,90,30,2
3732,54,241,90,29,2
3733,5,189,90,25,2
3734,6,190,90,38,2
3735,57,244,90,34,2
3736,9,193,90,43,2
3737,10,194,90,46,2
3738,11,195,90,48,2
3739,84,247,90,57,2
3740,48,235,90,59,2
3741,40,225,90,65,2
3742,12,196,90,68,2
3743,15,199,90,70,2
3744,16,200,90,83,2
3745,17,201,90,89,2
3746,55,242,90,90,2
3747,64,248,90,96,2
3748,18,202,90,88,2
3749,19,203,90,99,2
3750,42,227,90,106,2
3751,20,204,90,119,2
3752,21,205,90,125,2
3753,22,206,90,131,2
3754,23,207,90,124,2
3755,25,209,90,138,2
3756,94,270,90,135,2
3757,50,237,90,141,2
3758,44,229,90,159,2
3759,51,238,90,154,2
3760,28,212,90,170,2
3761,29,213,90,171,2
3762,30,214,90,182,2
3763,32,216,90,191,2
3764,33,217,90,194,2
3765,52,239,90,192,2
3766,34,218,90,198,2
3767,35,220,90,209,2
3768,46,231,90,206,2
3769,0,184,91,5,2
3770,53,240,91,6,2
3771,2,186,91,15,2
3772,4,188,91,30,2
3773,6,190,91,38,2
3774,7,234,91,31,2
3775,8,192,91,39,2
3776,9,193,91,43,2
3777,10,194,91,46,2
3778,11,195,91,48,2
3779,84,247,91,57,2
3780,48,235,91,59,2
3781,40,225,91,65,2
3782,12,196,91,68,2
3783,14,198,91,71,2
3784,67,250,91,67,2
3785,15,199,91,70,2
3786,58,200,91,83,2
3787,16,200,91,83,2
3788,17,201,91,89,2
3789,18,202,91,88,2
3790,19,203,91,99,2
3791,20,204,91,119,2
3792,21,205,91,125,2
3793,22,206,91,131,2
3794,95,208,91,140,2
3795,44,229,91,159,2
3796,28,212,91,170,2
3797,29,213,91,171,2
3798,45,230,91,180,2
3799,32,216,91,191,2
3800,33,217,91,194,2
3801,34,218,91,198,2
3802,35,220,91,209,2
3803,36,221,91,212,2
3804,37,222,91,27,2
3805,0,184,92,5,2
3806,53,240,92,6,2
3807,2,186,92,15,2
3808,4,188,92,30,2
3809,54,241,92,29,2
3810,5,189,92,25,2
3811,6,190,92,38,2
3812,7,191,92,36,2
3813,57,244,92,34,2
3814,9,193,92,43,2
3815,10,194,92,46,2
3816,84,247,92,57,2
3817,48,235,92,59,2
3818,40,225,92,65,2
3819,12,196,92,68,2
3820,14,198,92,71,2
3821,67,250,92,67,2
3822,15,199,92,70,2
3823,16,200,92,83,2
3824,17,201,92,89,2
3825,64,248,92,96,2
3826,18,202,92,88,2
3827,41,226,92,101,2
3828,19,203,92,99,2
3829,74,254,92,112,2
3830,20,204,92,119,2
3831,21,205,92,125,2
3832,61,246,92,128,2
3833,22,206,92,131,2
3834,95,208,92,140,2
3835,25,209,92,138,2
3836,26,210,92,136,2
3837,27,211,92,158,2
3838,44,229,92,159,2
3839,51,238,92,154,2
3840,28,212,92,170,2
3841,30,214,92,182,2
3842,45,230,92,180,2
3843,31,215,92,178,2
3844,33,217,92,194,2
3845,52,239,92,192,2
3846,34,218,92,198,2
3847,35,220,92,209,2
3848,37,222,92,27,2
3849,37,232,92,32,2
3850,38,223,93,8,2
3851,2,186,93,15,2
3852,54,241,93,29,2
3853,5,189,93,25,2
3854,6,190,93,38,2
3855,8,192,93,39,2
3856,9,193,93,43,2
3857,10,194,93,46,2
3858,11,195,93,48,2
3859,84,247,93,57,2
3860,48,235,93,59,2
3861,40,225,93,65,2
3862,14,198,93,71,2
3863,15,199,93,70,2
3864,16,200,93,83,2
3865,17,201,93,89,2
3866,64,248,93,96,2
3867,18,202,93,88,2
3868,19,203,93,99,2
3869,74,254,93,112,2
3870,20,204,93,119,2
3871,21,205,93,125,2
3872,61,246,93,128,2
3873,22,206,93,131,2
3874,25,209,93,138,2
3875,44,229,93,159,2
3876,51,238,93,154,2
3877,28,212,93,170,2
3878,29,213,93,171,2
3879,45,230,93,180,2
3880,32,216,93,191,2
3881,33,217,93,194,2
3882,52,239,93,192,2
3883,34,218,93,198,2
3884,35,220,93,209,2
3885,37,222,93,27,2
3886,37,232,93,32,2
3887,0,184,94,5,2
3888,53,240,94,6,2
3889,38,223,94,8,2
3890,2,186,94,15,2
3891,4,188,94,30,2
3892,54,241,94,29,2
3893,5,189,94,25,2
3894,6,190,94,38,2
3895,8,192,94,39,2
3896,9,193,94,43,2
3897,10,194,94,46,2
3898,11,195,94,48,2
3899,84,247,94,57,2
3900,48,235,94,59,2
3901,40,225,94,65,2
3902,12,196,94,68,2
3903,14,198,94,71,2
3904,15,199,94,70,2
3905,16,200,94,83,2
3906,17,201,94,89,2
3907,18,202,94,88,2
3908,19,203,94,99,2
3909,74,254,94,112,2
3910,21,205,94,125,2
3911,61,246,94,128,2
3912,22,206,94,131,2
3913,95,208,94,140,2
3914,25,209,94,138,2
3915,94,270,94,135,2
3916,27,211,94,158,2
3917,51,238,94,154,2
3918,28,212,94,170,2
3919,29,213,94,171,2
3920,30,214,94,182,2
3921,45,230,94,180,2
3922,31,215,94,178,2
3923,32,216,94,191,2
3924,33,217,94,194,2
3925,52,239,94,192,2
3926,34,218,94,198,2
3927,35,220,94,209,2
3928,46,231,94,206,2
3929,37,232,94,32,2
3930,0,184,95,5,2
3931,3,187,95,24,2
3932,47,233,95,21,2
3933,4,188,95,30,2
3934,54,241,95,29,2
3935,7,191,95,36,2
3936,9,193,95,43,2
3937,10,194,95,46,2
3938,11,195,95,48,2
3939,48,235,95,59,2
3940,40,225,95,65,2
3941,12,196,95,68,2
3942,14,198,95,71,2
3943,15,199,95,70,2
3944,77,256,95,76,2
3945,16,200,95,83,2
3946,17,201,95,89,2
3947,89,264,95,84,2
3948,64,248,95,96,2
3949,18,202,95,88,2
3950,41,226,95,101,2
3951,19,203,95,99,2
3952,49,236,95,102,2
3953,20,204,95,119,2
3954,61,246,95,128,2
3955,22,206,95,131,2
3956,43,228,95,129,2
3957,25,209,95,138,2
3958,28,212,95,170,2
3959,29,213,95,171,2
3960,30,214,95,182,2
3961,32,216,95,191,2
3962,33,217,95,194,2
3963,52,239,95,192,2
3964,34,218,95,198,2
3965,35,220,95,209,2
3966,46,231,95,206,2
3967,37,222,95,27,2
3968,37,232,95,32,2
3969,0,184,96,5,2
3970,38,223,96,8,2
3971,2,186,96,15,2
3972,5,189,96,25,2
3973,39,224,96,33,2
3974,8,192,96,39,2
3975,88,263,96,40,2
3976,9,193,96,43,2
3977,10,194,96,46,2
3978,11,195,96,48,2
3979,84,247,96,57,2
3980,40,225,96,65,2
3981,12,196,96,68,2
3982,14,198,96,71,2
3983,16,200,96,83,2
3984,17,201,96,89,2
3985,59,242,96,90,2
3986,18,202,96,88,2
3987,41,226,96,101,2
3988,19,203,96,99,2
3989,90,265,96,97,2
3990,74,254,96,112,2
3991,20,204,96,119,2
3992,22,206,96,131,2
3993,25,209,96,138,2
3994,26,210,96,136,2
3995,27,211,96,158,2
3996,28,212,96,170,2
3997,29,213,96,171,2
3998,30,214,96,182,2
3999,45,230,96,180,2
4000,31,215,96,178,2
4001,32,216,96,191,2
4002,33,217,96,194,2
4003,34,218,96,198,2
4004,35,220,96,209,2
4005,36,221,96,212,2
4006,37,222,96,27,2
4007,0,184,97,5,2
4008,38,223,97,8,2
4009,1,185,97,17,2
4010,4,188,97,30,2
4011,54,241,97,29,2
4012,5,189,97,25,2
4013,57,244,97,34,2
4014,9,193,97,43,2
4015,10,194,97,46,2
4016,11,195,97,48,2
4017,48,235,97,59,2
4018,12,196,97,68,2
4019,14,198,97,71,2
4020,15,199,97,70,2
4021,16,200,97,83,2
4022,17,201,97,89,2
4023,59,242,97,90,2
4024,64,248,97,96,2
4025,18,202,97,88,2
4026,41,226,97,101,2
4027,19,203,97,99,2
4028,74,254,97,112,2
4029,20,204,97,119,2
4030,21,205,97,125,2
4031,22,206,97,131,2
4032,23,207,97,124,2
4033,25,209,97,138,2
4034,28,212,97,170,2
4035,29,213,97,171,2
4036,30,214,97,182,2
4037,45,230,97,180,2
4038,31,215,97,178,2
4039,32,216,97,191,2
4040,33,217,97,194,2
4041,52,239,97,192,2
4042,56,243,97,193,2
4043,34,218,97,198,2
4044,35,220,97,209,2
4045,37,222,97,27,2
4046,37,232,97,32,2
4047,0,184,98,5,2
4048,38,223,98,8,2
4049,2,186,98,15,2
4050,4,188,98,30,2
4051,54,241,98,29,2
4052,5,189,98,25,2
4053,6,190,98,38,2
4054,7,191,98,36,2
4055,9,193,98,43,2
4056,10,194,98,46,2
4057,11,195,98,48,2
4058,84,247,98,57,2
4059,48,235,98,59,2
4060,40,225,98,65,2
4061,14,198,98,71,2
4062,67,197,98,69,2
4063,15,199,98,70,2
4064,16,200,98,83,2
4065,17,201,98,89,2
4066,64,248,98,96,2
4067,18,202,98,88,2
4068,41,226,98,101,2
4069,19,203,98,99,2
4070,74,254,98,112,2
4071,20,204,98,119,2
4072,21,205,98,125,2
4073,22,206,98,131,2
4074,25,209,98,138,2
4075,26,210,98,136,2
4076,28,212,98,170,2
4077,29,213,98,171,2
4078,30,214,98,182,2
4079,33,217,98,194,2
4080,52,266,98,190,2
4081,52,239,98,192,2
4082,34,218,98,198,2
4083,35,220,98,209,2
4084,46,231,98,206,2
4085,70,221,98,212,2
4086,36,221,98,212,2
4087,92,268,98,208,2
4088,37,222,98,27,2
4089,37,232,98,32,2
4090,0,184,99,5,2
4091,53,240,99,6,2
4092,38,223,99,8,2
4093,2,186,99,15,2
4094,4,188,99,30,2
4095,54,241,99,29,2
4096,6,190,99,38,2
4097,8,192,99,39,2
4098,9,193,99,43,2
4099,10,194,99,46,2
4100,11,195,99,48,2
4101,84,247,99,57,2
4102,48,235,99,59,2
4103,40,225,99,65,2
4104,12,196,99,68,2
4105,14,198,99,71,2
4106,15,199,99,70,2
4107,16,200,99,83,2
4108,17,201,99,89,2
4109,18,202,99,88,2
4110,41,226,99,101,2
4111,19,203,99,99,2
4112,49,236,99,102,2
4113,20,204,99,119,2
4114,21,205,99,125,2
4115,61,246,99,128,2
4116,22,206,99,131,2
4117,43,228,99,129,2
4118,95,208,99,140,2
4119,25,209,99,138,2
4120,26,210,99,136,2
4121,51,238,99,154,2
4122,71,229,99,159,2
4123,28,212,99,170,2
4124,29,213,99,171,2
4125,96,230,99,180,2
4126,30,214,99,182,2
4127,32,216,99,191,2
4128,33,217,99,194,2
4129,52,239,99,192,2
4130,34,218,99,198,2
4131,35,220,99,209,2
4132,37,222,99,27,2
4133,37,232,99,32,2
4134,0,184,100,5,2
4135,38,223,100,8,2
4136,2,186,100,15,2
4137,3,187,100,24,2
4138,4,188,100,30,2
4139,5,189,100,25,2
4140,6,190,100,38,2
4141,8,192,100,39,2
4142,9,193,100,43,2
4143,10,194,100,46,2
4144,11,195,100,48,2
4145,84,247,100,57,2
4146,40,225,100,65,2
4147,12,196,100,68,2
4148,14,198,100,71,2
4149,15,199,100,70,2
4150,16,200,100,83,2
4151,17,201,100,89,2
4152,64,248,100,96,2
4153,18,202,100,88,2
4154,19,203,100,99,2
4155,20,204,100,119,2
4156,21,205,100,125,2
4157,61,246,100,128,2
4158,22,206,100,131,2
4159,43,228,100,129,2
4160,24,208,100,140,2
4161,25,209,100,138,2
4162,26,210,100,136,2
4163,27,211,100,158,2
4164,28,212,100,170,2
4165,29,213,100,171,2
4166,31,215,100,178,2
4167,32,216,100,191,2
4168,33,217,100,194,2
4169,52,239,100,192,2
4170,34,218,100,198,2
4171,35,220,100,209,2
4172,46,231,100,206,2
4173,37,232,100,32,2
